nohup: ignoring input
GPU 0: NVIDIA A100 80GB PCIe
Batch size per GPU: 16
MISSING prefixes:    ['fusion', 'spatial_encoder']
UNEXPECTED prefixes: []
xLSTMSENetDualMic(
  (primary_encoder): DenseEncoder(
    (dense_conv_1): Sequential(
      (0): Conv2d(2, 64, kernel_size=(1, 1), stride=(1, 1))
      (1): InstanceNorm2d(64, eps=1e-05, momentum=0.1, affine=True, track_running_stats=False)
      (2): PReLU(num_parameters=64)
    )
    (dense_block): DenseBlock(
      (dense_block): ModuleList(
        (0): Sequential(
          (0): Conv2d(64, 64, kernel_size=(3, 3), stride=(1, 1), padding=(1, 1))
          (1): InstanceNorm2d(64, eps=1e-05, momentum=0.1, affine=True, track_running_stats=False)
          (2): PReLU(num_parameters=64)
        )
        (1): Sequential(
          (0): Conv2d(128, 64, kernel_size=(3, 3), stride=(1, 1), padding=(2, 1), dilation=(2, 1))
          (1): InstanceNorm2d(64, eps=1e-05, momentum=0.1, affine=True, track_running_stats=False)
          (2): PReLU(num_parameters=64)
        )
        (2): Sequential(
          (0): Conv2d(192, 64, kernel_size=(3, 3), stride=(1, 1), padding=(4, 1), dilation=(4, 1))
          (1): InstanceNorm2d(64, eps=1e-05, momentum=0.1, affine=True, track_running_stats=False)
          (2): PReLU(num_parameters=64)
        )
        (3): Sequential(
          (0): Conv2d(256, 64, kernel_size=(3, 3), stride=(1, 1), padding=(8, 1), dilation=(8, 1))
          (1): InstanceNorm2d(64, eps=1e-05, momentum=0.1, affine=True, track_running_stats=False)
          (2): PReLU(num_parameters=64)
        )
      )
    )
    (dense_conv_2): Sequential(
      (0): Conv2d(64, 64, kernel_size=(1, 3), stride=(1, 2))
      (1): InstanceNorm2d(64, eps=1e-05, momentum=0.1, affine=True, track_running_stats=False)
      (2): PReLU(num_parameters=64)
    )
  )
  (reference_encoder): DenseEncoder(
    (dense_conv_1): Sequential(
      (0): Conv2d(2, 64, kernel_size=(1, 1), stride=(1, 1))
      (1): InstanceNorm2d(64, eps=1e-05, momentum=0.1, affine=True, track_running_stats=False)
      (2): PReLU(num_parameters=64)
    )
    (dense_block): DenseBlock(
      (dense_block): ModuleList(
        (0): Sequential(
          (0): Conv2d(64, 64, kernel_size=(3, 3), stride=(1, 1), padding=(1, 1))
          (1): InstanceNorm2d(64, eps=1e-05, momentum=0.1, affine=True, track_running_stats=False)
          (2): PReLU(num_parameters=64)
        )
        (1): Sequential(
          (0): Conv2d(128, 64, kernel_size=(3, 3), stride=(1, 1), padding=(2, 1), dilation=(2, 1))
          (1): InstanceNorm2d(64, eps=1e-05, momentum=0.1, affine=True, track_running_stats=False)
          (2): PReLU(num_parameters=64)
        )
        (2): Sequential(
          (0): Conv2d(192, 64, kernel_size=(3, 3), stride=(1, 1), padding=(4, 1), dilation=(4, 1))
          (1): InstanceNorm2d(64, eps=1e-05, momentum=0.1, affine=True, track_running_stats=False)
          (2): PReLU(num_parameters=64)
        )
        (3): Sequential(
          (0): Conv2d(256, 64, kernel_size=(3, 3), stride=(1, 1), padding=(8, 1), dilation=(8, 1))
          (1): InstanceNorm2d(64, eps=1e-05, momentum=0.1, affine=True, track_running_stats=False)
          (2): PReLU(num_parameters=64)
        )
      )
    )
    (dense_conv_2): Sequential(
      (0): Conv2d(64, 64, kernel_size=(1, 3), stride=(1, 2))
      (1): InstanceNorm2d(64, eps=1e-05, momentum=0.1, affine=True, track_running_stats=False)
      (2): PReLU(num_parameters=64)
    )
  )
  (spatial_encoder): SpatialFeatureExtractor(
    (encoder): DenseEncoder(
      (dense_conv_1): Sequential(
        (0): Conv2d(2, 64, kernel_size=(1, 1), stride=(1, 1))
        (1): InstanceNorm2d(64, eps=1e-05, momentum=0.1, affine=True, track_running_stats=False)
        (2): PReLU(num_parameters=64)
      )
      (dense_block): DenseBlock(
        (dense_block): ModuleList(
          (0): Sequential(
            (0): Conv2d(64, 64, kernel_size=(3, 3), stride=(1, 1), padding=(1, 1))
            (1): InstanceNorm2d(64, eps=1e-05, momentum=0.1, affine=True, track_running_stats=False)
            (2): PReLU(num_parameters=64)
          )
          (1): Sequential(
            (0): Conv2d(128, 64, kernel_size=(3, 3), stride=(1, 1), padding=(2, 1), dilation=(2, 1))
            (1): InstanceNorm2d(64, eps=1e-05, momentum=0.1, affine=True, track_running_stats=False)
            (2): PReLU(num_parameters=64)
          )
          (2): Sequential(
            (0): Conv2d(192, 64, kernel_size=(3, 3), stride=(1, 1), padding=(4, 1), dilation=(4, 1))
            (1): InstanceNorm2d(64, eps=1e-05, momentum=0.1, affine=True, track_running_stats=False)
            (2): PReLU(num_parameters=64)
          )
          (3): Sequential(
            (0): Conv2d(256, 64, kernel_size=(3, 3), stride=(1, 1), padding=(8, 1), dilation=(8, 1))
            (1): InstanceNorm2d(64, eps=1e-05, momentum=0.1, affine=True, track_running_stats=False)
            (2): PReLU(num_parameters=64)
          )
        )
      )
      (dense_conv_2): Sequential(
        (0): Conv2d(64, 64, kernel_size=(1, 3), stride=(1, 2))
        (1): InstanceNorm2d(64, eps=1e-05, momentum=0.1, affine=True, track_running_stats=False)
        (2): PReLU(num_parameters=64)
      )
    )
  )
  (fusion): GatedFusion(
    (norm_primary): GroupNorm(1, 64, eps=1e-05, affine=True)
    (norm_reference): GroupNorm(1, 64, eps=1e-05, affine=True)
    (norm_spatial): GroupNorm(1, 64, eps=1e-05, affine=True)
    (weight_gen): Conv2d(192, 3, kernel_size=(1, 1), stride=(1, 1))
  )
  (TSxLSTM): ModuleList(
    (0-7): 8 x TFxLSTMBlock(
      (time_xlstm): xLSTMBlock(
        (forward_blocks): ModuleList(
          (0): ViLBlock(
            (drop_path): DropPath(drop_prob=0.000)
            (norm): LayerNorm()
            (layer): ViLLayer(
              (proj_up): Linear(in_features=64, out_features=256, bias=True)
              (q_proj): LinearHeadwiseExpand(dim=128, num_heads=32, bias=True, )
              (k_proj): LinearHeadwiseExpand(dim=128, num_heads=32, bias=True, )
              (v_proj): LinearHeadwiseExpand(dim=128, num_heads=32, bias=True, )
              (conv): CausalConv1d(
                (conv): Conv1d(128, 128, kernel_size=(4,), stride=(1,), padding=(3,), groups=128)
              )
              (mlstm_cell): MatrixLSTMCell(
                (igate): Linear(in_features=384, out_features=4, bias=True)
                (fgate): Linear(in_features=384, out_features=4, bias=True)
                (outnorm): MultiHeadLayerNorm()
              )
              (proj_down): Linear(in_features=128, out_features=64, bias=True)
            )
          )
        )
        (backward_blocks): ModuleList(
          (0): ViLBlock(
            (drop_path): DropPath(drop_prob=0.000)
            (norm): LayerNorm()
            (layer): ViLLayer(
              (proj_up): Linear(in_features=64, out_features=256, bias=True)
              (q_proj): LinearHeadwiseExpand(dim=128, num_heads=32, bias=True, )
              (k_proj): LinearHeadwiseExpand(dim=128, num_heads=32, bias=True, )
              (v_proj): LinearHeadwiseExpand(dim=128, num_heads=32, bias=True, )
              (conv): CausalConv1d(
                (conv): Conv1d(128, 128, kernel_size=(4,), stride=(1,), padding=(3,), groups=128)
              )
              (mlstm_cell): MatrixLSTMCell(
                (igate): Linear(in_features=384, out_features=4, bias=True)
                (fgate): Linear(in_features=384, out_features=4, bias=True)
                (outnorm): MultiHeadLayerNorm()
              )
              (proj_down): Linear(in_features=128, out_features=64, bias=True)
            )
          )
        )
      )
      (freq_xlstm): xLSTMBlock(
        (forward_blocks): ModuleList(
          (0): ViLBlock(
            (drop_path): DropPath(drop_prob=0.000)
            (norm): LayerNorm()
            (layer): ViLLayer(
              (proj_up): Linear(in_features=64, out_features=256, bias=True)
              (q_proj): LinearHeadwiseExpand(dim=128, num_heads=32, bias=True, )
              (k_proj): LinearHeadwiseExpand(dim=128, num_heads=32, bias=True, )
              (v_proj): LinearHeadwiseExpand(dim=128, num_heads=32, bias=True, )
              (conv): CausalConv1d(
                (conv): Conv1d(128, 128, kernel_size=(4,), stride=(1,), padding=(3,), groups=128)
              )
              (mlstm_cell): MatrixLSTMCell(
                (igate): Linear(in_features=384, out_features=4, bias=True)
                (fgate): Linear(in_features=384, out_features=4, bias=True)
                (outnorm): MultiHeadLayerNorm()
              )
              (proj_down): Linear(in_features=128, out_features=64, bias=True)
            )
          )
        )
        (backward_blocks): ModuleList(
          (0): ViLBlock(
            (drop_path): DropPath(drop_prob=0.000)
            (norm): LayerNorm()
            (layer): ViLLayer(
              (proj_up): Linear(in_features=64, out_features=256, bias=True)
              (q_proj): LinearHeadwiseExpand(dim=128, num_heads=32, bias=True, )
              (k_proj): LinearHeadwiseExpand(dim=128, num_heads=32, bias=True, )
              (v_proj): LinearHeadwiseExpand(dim=128, num_heads=32, bias=True, )
              (conv): CausalConv1d(
                (conv): Conv1d(128, 128, kernel_size=(4,), stride=(1,), padding=(3,), groups=128)
              )
              (mlstm_cell): MatrixLSTMCell(
                (igate): Linear(in_features=384, out_features=4, bias=True)
                (fgate): Linear(in_features=384, out_features=4, bias=True)
                (outnorm): MultiHeadLayerNorm()
              )
              (proj_down): Linear(in_features=128, out_features=64, bias=True)
            )
          )
        )
      )
      (tlinear): ConvTranspose1d(128, 64, kernel_size=(1,), stride=(1,))
      (flinear): ConvTranspose1d(128, 64, kernel_size=(1,), stride=(1,))
    )
  )
  (mask_decoder): MagDecoder(
    (dense_block): DenseBlock(
      (dense_block): ModuleList(
        (0): Sequential(
          (0): Conv2d(64, 64, kernel_size=(3, 3), stride=(1, 1), padding=(1, 1))
          (1): InstanceNorm2d(64, eps=1e-05, momentum=0.1, affine=True, track_running_stats=False)
          (2): PReLU(num_parameters=64)
        )
        (1): Sequential(
          (0): Conv2d(128, 64, kernel_size=(3, 3), stride=(1, 1), padding=(2, 1), dilation=(2, 1))
          (1): InstanceNorm2d(64, eps=1e-05, momentum=0.1, affine=True, track_running_stats=False)
          (2): PReLU(num_parameters=64)
        )
        (2): Sequential(
          (0): Conv2d(192, 64, kernel_size=(3, 3), stride=(1, 1), padding=(4, 1), dilation=(4, 1))
          (1): InstanceNorm2d(64, eps=1e-05, momentum=0.1, affine=True, track_running_stats=False)
          (2): PReLU(num_parameters=64)
        )
        (3): Sequential(
          (0): Conv2d(256, 64, kernel_size=(3, 3), stride=(1, 1), padding=(8, 1), dilation=(8, 1))
          (1): InstanceNorm2d(64, eps=1e-05, momentum=0.1, affine=True, track_running_stats=False)
          (2): PReLU(num_parameters=64)
        )
      )
    )
    (mask_conv): Sequential(
      (0): ConvTranspose2d(64, 64, kernel_size=(1, 3), stride=(1, 2))
      (1): Conv2d(64, 1, kernel_size=(1, 1), stride=(1, 1))
      (2): InstanceNorm2d(1, eps=1e-05, momentum=0.1, affine=True, track_running_stats=False)
      (3): PReLU(num_parameters=1)
      (4): Conv2d(1, 1, kernel_size=(1, 1), stride=(1, 1))
    )
    (lsigmoid): LearnableSigmoid2D()
  )
  (phase_decoder): PhaseDecoder(
    (dense_block): DenseBlock(
      (dense_block): ModuleList(
        (0): Sequential(
          (0): Conv2d(64, 64, kernel_size=(3, 3), stride=(1, 1), padding=(1, 1))
          (1): InstanceNorm2d(64, eps=1e-05, momentum=0.1, affine=True, track_running_stats=False)
          (2): PReLU(num_parameters=64)
        )
        (1): Sequential(
          (0): Conv2d(128, 64, kernel_size=(3, 3), stride=(1, 1), padding=(2, 1), dilation=(2, 1))
          (1): InstanceNorm2d(64, eps=1e-05, momentum=0.1, affine=True, track_running_stats=False)
          (2): PReLU(num_parameters=64)
        )
        (2): Sequential(
          (0): Conv2d(192, 64, kernel_size=(3, 3), stride=(1, 1), padding=(4, 1), dilation=(4, 1))
          (1): InstanceNorm2d(64, eps=1e-05, momentum=0.1, affine=True, track_running_stats=False)
          (2): PReLU(num_parameters=64)
        )
        (3): Sequential(
          (0): Conv2d(256, 64, kernel_size=(3, 3), stride=(1, 1), padding=(8, 1), dilation=(8, 1))
          (1): InstanceNorm2d(64, eps=1e-05, momentum=0.1, affine=True, track_running_stats=False)
          (2): PReLU(num_parameters=64)
        )
      )
    )
    (phase_conv): Sequential(
      (0): ConvTranspose2d(64, 64, kernel_size=(1, 3), stride=(1, 2))
      (1): InstanceNorm2d(64, eps=1e-05, momentum=0.1, affine=True, track_running_stats=False)
      (2): PReLU(num_parameters=64)
    )
    (phase_conv_r): Conv2d(64, 1, kernel_size=(1, 1), stride=(1, 1))
    (phase_conv_i): Conv2d(64, 1, kernel_size=(1, 1), stride=(1, 1))
  )
)
Generator Parameters : 3038996
checkpoints directory : results/dualmic_sim2

*** WARNING: SIMULATED bone channel. Pipeline test only, results NOT reportable. ***

Epoch: 1
Steps : 0, Gen: 1.680, Disc: 0.305, Metric: 0.326, Mag: 0.649, Pha: 2.893, Com: 0.569, Time: 0.355, Cons: 0.131, s/b: 5.724  [backbone frozen]
Steps : 10, Gen: 1.207, Disc: 0.087, Metric: 0.085, Mag: 0.261, Pha: 2.709, Com: 0.295, Time: 0.360, Cons: 0.119, s/b: 1.471  [backbone frozen]
Steps : 20, Gen: 1.140, Disc: 0.051, Metric: 0.111, Mag: 0.203, Pha: 2.739, Com: 0.253, Time: 0.314, Cons: 0.087, s/b: 1.464  [backbone frozen]
Steps : 30, Gen: 0.996, Disc: 0.017, Metric: 0.067, Mag: 0.142, Pha: 2.543, Com: 0.198, Time: 0.235, Cons: 0.075, s/b: 1.460  [backbone frozen]
Steps : 40, Gen: 0.922, Disc: 0.290, Metric: 0.230, Mag: 0.155, Pha: 2.238, Com: 0.200, Time: 0.231, Cons: 0.069, s/b: 1.458  [backbone frozen]
Steps : 50, Gen: 0.889, Disc: 0.038, Metric: 0.075, Mag: 0.132, Pha: 2.269, Com: 0.168, Time: 0.199, Cons: 0.059, s/b: 1.458  [backbone frozen]
Steps : 60, Gen: 1.034, Disc: 0.435, Metric: 0.088, Mag: 0.161, Pha: 2.635, Com: 0.235, Time: 0.154, Cons: 0.083, s/b: 1.476  [backbone frozen]
Steps : 70, Gen: 0.927, Disc: 0.047, Metric: 0.222, Mag: 0.122, Pha: 2.396, Com: 0.194, Time: 0.168, Cons: 0.072, s/b: 1.472  [backbone frozen]
Steps : 80, Gen: 0.999, Disc: 0.011, Metric: 0.106, Mag: 0.133, Pha: 2.639, Com: 0.202, Time: 0.134, Cons: 0.077, s/b: 1.453  [backbone frozen]
Steps : 90, Gen: 0.927, Disc: 0.019, Metric: 0.127, Mag: 0.104, Pha: 2.511, Com: 0.166, Time: 0.145, Cons: 0.060, s/b: 1.461  [backbone frozen]
Steps : 100, Gen: 0.926, Disc: 0.038, Metric: 0.312, Mag: 0.126, Pha: 2.393, Com: 0.184, Time: 0.139, Cons: 0.075, s/b: 1.459  [backbone frozen]
Steps : 110, Gen: 0.870, Disc: 0.037, Metric: 0.204, Mag: 0.093, Pha: 2.365, Com: 0.162, Time: 0.114, Cons: 0.057, s/b: 1.459  [backbone frozen]
Steps : 120, Gen: 0.746, Disc: 0.146, Metric: 0.156, Mag: 0.109, Pha: 1.917, Com: 0.137, Time: 0.138, Cons: 0.053, s/b: 1.476  [backbone frozen]
Steps : 130, Gen: 0.912, Disc: 0.110, Metric: 0.326, Mag: 0.101, Pha: 2.426, Com: 0.168, Time: 0.152, Cons: 0.065, s/b: 1.463  [backbone frozen]
Steps : 140, Gen: 0.830, Disc: 0.003, Metric: 0.209, Mag: 0.066, Pha: 2.350, Com: 0.118, Time: 0.110, Cons: 0.044, s/b: 1.473  [backbone frozen]
Steps : 150, Gen: 0.912, Disc: 0.096, Metric: 0.404, Mag: 0.105, Pha: 2.406, Com: 0.177, Time: 0.136, Cons: 0.064, s/b: 1.467  [backbone frozen]
Steps : 160, Gen: 0.882, Disc: 0.006, Metric: 0.331, Mag: 0.064, Pha: 2.493, Com: 0.142, Time: 0.113, Cons: 0.046, s/b: 1.461  [backbone frozen]
Steps : 170, Gen: 0.781, Disc: 0.005, Metric: 0.289, Mag: 0.060, Pha: 2.190, Com: 0.119, Time: 0.115, Cons: 0.044, s/b: 1.458  [backbone frozen]
Steps : 180, Gen: 0.707, Disc: 0.007, Metric: 0.227, Mag: 0.067, Pha: 1.939, Com: 0.111, Time: 0.120, Cons: 0.041, s/b: 1.465  [backbone frozen]
Steps : 190, Gen: 0.751, Disc: 0.003, Metric: 0.285, Mag: 0.060, Pha: 2.093, Com: 0.119, Time: 0.116, Cons: 0.040, s/b: 1.457  [backbone frozen]
Steps : 200, Gen: 0.784, Disc: 0.003, Metric: 0.296, Mag: 0.061, Pha: 2.205, Com: 0.121, Time: 0.105, Cons: 0.040, s/b: 1.472  [backbone frozen]
Steps : 210, Gen: 0.787, Disc: 0.004, Metric: 0.273, Mag: 0.064, Pha: 2.199, Com: 0.116, Time: 0.130, Cons: 0.036, s/b: 1.460  [backbone frozen]
Steps : 220, Gen: 0.855, Disc: 0.003, Metric: 0.369, Mag: 0.053, Pha: 2.473, Com: 0.114, Time: 0.088, Cons: 0.033, s/b: 1.459  [backbone frozen]
Steps : 230, Gen: 0.765, Disc: 0.004, Metric: 0.305, Mag: 0.052, Pha: 2.175, Com: 0.115, Time: 0.099, Cons: 0.035, s/b: 1.460  [backbone frozen]
Steps : 240, Gen: 0.738, Disc: 0.068, Metric: 0.302, Mag: 0.043, Pha: 2.128, Com: 0.091, Time: 0.107, Cons: 0.027, s/b: 1.466  [backbone frozen]
Steps : 250, Gen: 0.670, Disc: 0.001, Metric: 0.182, Mag: 0.059, Pha: 1.864, Com: 0.091, Time: 0.128, Cons: 0.027, s/b: 1.444  [backbone frozen]
Steps : 260, Gen: 0.688, Disc: 0.001, Metric: 0.239, Mag: 0.046, Pha: 1.967, Com: 0.094, Time: 0.104, Cons: 0.026, s/b: 1.460  [backbone frozen]
Steps : 270, Gen: 0.817, Disc: 0.006, Metric: 0.238, Mag: 0.048, Pha: 2.387, Com: 0.107, Time: 0.095, Cons: 0.029, s/b: 1.460  [backbone frozen]
Steps : 280, Gen: 0.836, Disc: 0.001, Metric: 0.336, Mag: 0.041, Pha: 2.461, Com: 0.103, Time: 0.090, Cons: 0.028, s/b: 1.457  [backbone frozen]
Steps : 290, Gen: 0.849, Disc: 0.043, Metric: 0.356, Mag: 0.057, Pha: 2.410, Com: 0.126, Time: 0.131, Cons: 0.028, s/b: 1.466  [backbone frozen]
Steps : 300, Gen: 0.782, Disc: 0.002, Metric: 0.234, Mag: 0.035, Pha: 2.336, Com: 0.090, Time: 0.079, Cons: 0.019, s/b: 1.458  [backbone frozen]
Steps : 310, Gen: 0.681, Disc: 0.002, Metric: 0.237, Mag: 0.031, Pha: 2.022, Com: 0.076, Time: 0.078, Cons: 0.021, s/b: 1.461  [backbone frozen]
Steps : 320, Gen: 0.731, Disc: 0.040, Metric: 0.329, Mag: 0.044, Pha: 2.096, Com: 0.100, Time: 0.103, Cons: 0.025, s/b: 1.461  [backbone frozen]
Steps : 330, Gen: 0.801, Disc: 0.002, Metric: 0.408, Mag: 0.050, Pha: 2.269, Com: 0.115, Time: 0.116, Cons: 0.040, s/b: 1.460  [backbone frozen]
Steps : 340, Gen: 0.721, Disc: 0.001, Metric: 0.375, Mag: 0.051, Pha: 2.013, Com: 0.109, Time: 0.116, Cons: 0.038, s/b: 1.460  [backbone frozen]
Steps : 350, Gen: 0.684, Disc: 0.002, Metric: 0.264, Mag: 0.047, Pha: 1.930, Com: 0.094, Time: 0.127, Cons: 0.029, s/b: 1.461  [backbone frozen]
Steps : 360, Gen: 0.727, Disc: 0.002, Metric: 0.195, Mag: 0.042, Pha: 2.102, Com: 0.108, Time: 0.101, Cons: 0.030, s/b: 1.458  [backbone frozen]
Steps : 370, Gen: 0.805, Disc: 0.003, Metric: 0.360, Mag: 0.034, Pha: 2.386, Com: 0.093, Time: 0.086, Cons: 0.023, s/b: 1.475  [backbone frozen]
Steps : 380, Gen: 0.693, Disc: 0.035, Metric: 0.242, Mag: 0.041, Pha: 2.019, Com: 0.094, Time: 0.074, Cons: 0.020, s/b: 1.459  [backbone frozen]
Steps : 390, Gen: 0.792, Disc: 0.001, Metric: 0.428, Mag: 0.038, Pha: 2.321, Com: 0.095, Time: 0.083, Cons: 0.022, s/b: 1.473  [backbone frozen]
Steps : 400, Gen: 0.697, Disc: 0.000, Metric: 0.197, Mag: 0.031, Pha: 2.078, Com: 0.080, Time: 0.075, Cons: 0.019, s/b: 1.462  [backbone frozen]
Steps : 410, Gen: 0.704, Disc: 0.001, Metric: 0.230, Mag: 0.026, Pha: 2.118, Com: 0.070, Time: 0.080, Cons: 0.017, s/b: 1.458  [backbone frozen]
Steps : 420, Gen: 0.775, Disc: 0.001, Metric: 0.302, Mag: 0.038, Pha: 2.280, Com: 0.094, Time: 0.095, Cons: 0.023, s/b: 1.456  [backbone frozen]
Steps : 430, Gen: 0.692, Disc: 0.001, Metric: 0.323, Mag: 0.037, Pha: 1.999, Com: 0.090, Time: 0.101, Cons: 0.025, s/b: 1.458  [backbone frozen]
Steps : 440, Gen: 0.713, Disc: 0.001, Metric: 0.293, Mag: 0.033, Pha: 2.083, Com: 0.092, Time: 0.098, Cons: 0.025, s/b: 1.441  [backbone frozen]
Steps : 450, Gen: 0.744, Disc: 0.001, Metric: 0.305, Mag: 0.036, Pha: 2.200, Com: 0.087, Time: 0.077, Cons: 0.021, s/b: 1.459  [backbone frozen]
Steps : 460, Gen: 0.732, Disc: 0.025, Metric: 0.354, Mag: 0.040, Pha: 2.100, Com: 0.108, Time: 0.104, Cons: 0.029, s/b: 1.460  [backbone frozen]
Steps : 470, Gen: 0.669, Disc: 0.000, Metric: 0.276, Mag: 0.039, Pha: 1.929, Com: 0.091, Time: 0.093, Cons: 0.023, s/b: 1.458  [backbone frozen]
Steps : 480, Gen: 0.703, Disc: 0.001, Metric: 0.222, Mag: 0.030, Pha: 2.102, Com: 0.079, Time: 0.072, Cons: 0.022, s/b: 1.454  [backbone frozen]
Steps : 490, Gen: 0.707, Disc: 0.044, Metric: 0.188, Mag: 0.031, Pha: 2.109, Com: 0.079, Time: 0.086, Cons: 0.022, s/b: 1.460  [backbone frozen]
Steps : 500, Gen: 0.667, Disc: 0.000, Metric: 0.204, Mag: 0.031, Pha: 1.968, Com: 0.082, Time: 0.088, Cons: 0.022, s/b: 1.460  [backbone frozen]
Saving checkpoint to results/dualmic_sim2/g_00000500.pth
Complete.
Saving checkpoint to results/dualmic_sim2/do_00000500.pth
Complete.
valid: PESQ 2.066, Mag 0.0308, Pha 2.2779. Best PESQ 2.066 at step 500
Error computing PESQ score: b'No utterances detected'
Error computing PESQ score: b'No utterances detected'
Error computing PESQ score: b'No utterances detected'
Error computing PESQ score: b'No utterances detected'
Error computing PESQ score: b'No utterances detected'
Error computing PESQ score: b'No utterances detected'
Steps : 510, Gen: 0.665, Disc: 0.002, Metric: 0.333, Mag: 0.029, Pha: 1.965, Com: 0.075, Time: 0.073, Cons: 0.017, s/b: 1.450  [backbone frozen]
Steps : 520, Gen: 0.837, Disc: 0.001, Metric: 0.258, Mag: 0.029, Pha: 2.543, Com: 0.091, Time: 0.065, Cons: 0.020, s/b: 1.458  [backbone frozen]
Steps : 530, Gen: 0.690, Disc: 0.003, Metric: 0.215, Mag: 0.029, Pha: 2.053, Com: 0.088, Time: 0.078, Cons: 0.021, s/b: 1.473  [backbone frozen]
Steps : 540, Gen: 0.701, Disc: 0.002, Metric: 0.313, Mag: 0.029, Pha: 2.077, Com: 0.081, Time: 0.083, Cons: 0.021, s/b: 1.459  [backbone frozen]
Steps : 550, Gen: 0.648, Disc: 0.013, Metric: 0.217, Mag: 0.026, Pha: 1.939, Com: 0.071, Time: 0.072, Cons: 0.019, s/b: 1.463  [backbone frozen]
Steps : 560, Gen: 0.778, Disc: 0.001, Metric: 0.204, Mag: 0.030, Pha: 2.360, Com: 0.080, Time: 0.066, Cons: 0.017, s/b: 1.459  [backbone frozen]
Steps : 570, Gen: 0.678, Disc: 0.025, Metric: 0.295, Mag: 0.035, Pha: 1.969, Com: 0.089, Time: 0.095, Cons: 0.023, s/b: 1.463  [backbone frozen]
Steps : 580, Gen: 0.632, Disc: 0.000, Metric: 0.168, Mag: 0.027, Pha: 1.878, Com: 0.070, Time: 0.093, Cons: 0.021, s/b: 1.458  [backbone frozen]
Steps : 590, Gen: 0.667, Disc: 0.000, Metric: 0.297, Mag: 0.037, Pha: 1.932, Com: 0.083, Time: 0.094, Cons: 0.021, s/b: 1.472  [backbone frozen]
Steps : 600, Gen: 0.687, Disc: 0.001, Metric: 0.236, Mag: 0.032, Pha: 2.036, Com: 0.070, Time: 0.088, Cons: 0.018, s/b: 1.450  [backbone frozen]
Steps : 610, Gen: 0.689, Disc: 0.000, Metric: 0.226, Mag: 0.032, Pha: 2.039, Com: 0.083, Time: 0.085, Cons: 0.020, s/b: 1.462  [backbone frozen]
Steps : 620, Gen: 0.720, Disc: 0.072, Metric: 0.364, Mag: 0.036, Pha: 2.101, Com: 0.086, Time: 0.092, Cons: 0.018, s/b: 1.465  [backbone frozen]
Steps : 630, Gen: 0.749, Disc: 0.042, Metric: 0.305, Mag: 0.031, Pha: 2.230, Com: 0.088, Time: 0.079, Cons: 0.019, s/b: 1.466  [backbone frozen]
Steps : 640, Gen: 0.684, Disc: 0.002, Metric: 0.251, Mag: 0.029, Pha: 2.018, Com: 0.079, Time: 0.097, Cons: 0.022, s/b: 1.462  [backbone frozen]
Steps : 650, Gen: 0.745, Disc: 0.026, Metric: 0.282, Mag: 0.034, Pha: 2.199, Com: 0.098, Time: 0.082, Cons: 0.023, s/b: 1.464  [backbone frozen]
Steps : 660, Gen: 0.648, Disc: 0.000, Metric: 0.165, Mag: 0.026, Pha: 1.930, Com: 0.071, Time: 0.096, Cons: 0.022, s/b: 1.453  [backbone frozen]
Steps : 670, Gen: 0.750, Disc: 0.000, Metric: 0.213, Mag: 0.034, Pha: 2.226, Com: 0.095, Time: 0.085, Cons: 0.023, s/b: 1.462  [backbone frozen]
Steps : 680, Gen: 0.719, Disc: 0.025, Metric: 0.283, Mag: 0.035, Pha: 2.115, Com: 0.086, Time: 0.089, Cons: 0.019, s/b: 1.475  [backbone frozen]
Steps : 690, Gen: 0.823, Disc: 0.030, Metric: 0.383, Mag: 0.030, Pha: 2.465, Com: 0.087, Time: 0.078, Cons: 0.020, s/b: 1.460  [backbone frozen]
Steps : 700, Gen: 0.648, Disc: 0.038, Metric: 0.245, Mag: 0.036, Pha: 1.875, Com: 0.092, Time: 0.091, Cons: 0.024, s/b: 1.460  [backbone frozen]
Steps : 710, Gen: 0.718, Disc: 0.001, Metric: 0.222, Mag: 0.031, Pha: 2.132, Com: 0.093, Time: 0.080, Cons: 0.023, s/b: 1.459  [backbone frozen]
Steps : 720, Gen: 0.595, Disc: 0.049, Metric: 0.156, Mag: 0.021, Pha: 1.789, Com: 0.064, Time: 0.076, Cons: 0.016, s/b: 1.460  [backbone frozen]
Steps : 730, Gen: 0.698, Disc: 0.000, Metric: 0.127, Mag: 0.047, Pha: 1.994, Com: 0.103, Time: 0.124, Cons: 0.029, s/b: 1.458  [backbone frozen]
Steps : 740, Gen: 0.722, Disc: 0.000, Metric: 0.067, Mag: 0.025, Pha: 2.221, Com: 0.067, Time: 0.066, Cons: 0.015, s/b: 1.459  [backbone frozen]
Steps : 750, Gen: 0.693, Disc: 0.039, Metric: 0.281, Mag: 0.029, Pha: 2.060, Com: 0.080, Time: 0.075, Cons: 0.020, s/b: 1.460  [backbone frozen]
Steps : 760, Gen: 0.660, Disc: 0.033, Metric: 0.275, Mag: 0.034, Pha: 1.948, Com: 0.076, Time: 0.067, Cons: 0.017, s/b: 1.459  [backbone frozen]
Steps : 770, Gen: 0.666, Disc: 0.053, Metric: 0.305, Mag: 0.025, Pha: 1.982, Com: 0.066, Time: 0.085, Cons: 0.018, s/b: 1.460  [backbone frozen]
Steps : 780, Gen: 0.723, Disc: 0.028, Metric: 0.198, Mag: 0.028, Pha: 2.175, Com: 0.079, Time: 0.079, Cons: 0.020, s/b: 1.462  [backbone frozen]
Steps : 790, Gen: 0.627, Disc: 0.019, Metric: 0.141, Mag: 0.029, Pha: 1.855, Com: 0.070, Time: 0.095, Cons: 0.020, s/b: 1.462  [backbone frozen]
Steps : 800, Gen: 0.702, Disc: 0.000, Metric: 0.171, Mag: 0.026, Pha: 2.122, Com: 0.077, Time: 0.071, Cons: 0.018, s/b: 1.458  [backbone frozen]
Steps : 810, Gen: 0.652, Disc: 0.001, Metric: 0.226, Mag: 0.029, Pha: 1.933, Com: 0.079, Time: 0.077, Cons: 0.019, s/b: 1.457  [backbone frozen]
Steps : 820, Gen: 0.686, Disc: 0.000, Metric: 0.227, Mag: 0.022, Pha: 2.088, Com: 0.062, Time: 0.064, Cons: 0.016, s/b: 1.454  [backbone frozen]
Steps : 830, Gen: 0.777, Disc: 0.001, Metric: 0.373, Mag: 0.028, Pha: 2.323, Com: 0.084, Time: 0.083, Cons: 0.017, s/b: 1.460  [backbone frozen]
Steps : 840, Gen: 0.703, Disc: 0.024, Metric: 0.186, Mag: 0.035, Pha: 2.081, Com: 0.089, Time: 0.080, Cons: 0.020, s/b: 1.459  [backbone frozen]
Steps : 850, Gen: 0.768, Disc: 0.000, Metric: 0.137, Mag: 0.028, Pha: 2.336, Com: 0.078, Time: 0.080, Cons: 0.019, s/b: 1.458  [backbone frozen]
Steps : 860, Gen: 0.657, Disc: 0.024, Metric: 0.180, Mag: 0.021, Pha: 1.993, Com: 0.060, Time: 0.081, Cons: 0.014, s/b: 1.461  [backbone frozen]
Steps : 870, Gen: 0.627, Disc: 0.000, Metric: 0.197, Mag: 0.022, Pha: 1.888, Com: 0.067, Time: 0.070, Cons: 0.016, s/b: 1.472  [backbone frozen]
Steps : 880, Gen: 0.777, Disc: 0.001, Metric: 0.301, Mag: 0.029, Pha: 2.328, Com: 0.086, Time: 0.084, Cons: 0.018, s/b: 1.460  [backbone frozen]
Steps : 890, Gen: 0.781, Disc: 0.000, Metric: 0.301, Mag: 0.033, Pha: 2.332, Com: 0.085, Time: 0.079, Cons: 0.020, s/b: 1.461  [backbone frozen]
Steps : 900, Gen: 0.699, Disc: 0.000, Metric: 0.307, Mag: 0.029, Pha: 2.074, Com: 0.082, Time: 0.077, Cons: 0.019, s/b: 1.461  [backbone frozen]
Steps : 910, Gen: 0.589, Disc: 0.021, Metric: 0.204, Mag: 0.027, Pha: 1.735, Com: 0.066, Time: 0.084, Cons: 0.019, s/b: 1.460  [backbone frozen]
Steps : 920, Gen: 0.707, Disc: 0.016, Metric: 0.222, Mag: 0.032, Pha: 2.083, Com: 0.092, Time: 0.095, Cons: 0.022, s/b: 1.458  [backbone frozen]
Steps : 930, Gen: 0.765, Disc: 0.020, Metric: 0.240, Mag: 0.037, Pha: 2.241, Com: 0.110, Time: 0.102, Cons: 0.028, s/b: 1.465  [backbone frozen]
Steps : 940, Gen: 0.607, Disc: 0.024, Metric: 0.080, Mag: 0.028, Pha: 1.807, Com: 0.076, Time: 0.081, Cons: 0.019, s/b: 1.445  [backbone frozen]
Steps : 950, Gen: 0.691, Disc: 0.000, Metric: 0.117, Mag: 0.022, Pha: 2.114, Com: 0.066, Time: 0.073, Cons: 0.017, s/b: 1.445  [backbone frozen]
Steps : 960, Gen: 0.699, Disc: 0.000, Metric: 0.147, Mag: 0.027, Pha: 2.105, Com: 0.077, Time: 0.082, Cons: 0.019, s/b: 1.444  [backbone frozen]
Steps : 970, Gen: 0.731, Disc: 0.000, Metric: 0.310, Mag: 0.031, Pha: 2.176, Com: 0.085, Time: 0.072, Cons: 0.018, s/b: 1.462  [backbone frozen]
Steps : 980, Gen: 0.883, Disc: 0.000, Metric: 0.347, Mag: 0.029, Pha: 2.683, Com: 0.093, Time: 0.063, Cons: 0.018, s/b: 1.464  [backbone frozen]
Steps : 990, Gen: 0.685, Disc: 0.000, Metric: 0.277, Mag: 0.032, Pha: 2.015, Com: 0.084, Time: 0.082, Cons: 0.021, s/b: 1.462  [backbone frozen]
Steps : 1000, Gen: 0.711, Disc: 0.000, Metric: 0.190, Mag: 0.023, Pha: 2.163, Com: 0.069, Time: 0.070, Cons: 0.017, s/b: 1.494
Saving checkpoint to results/dualmic_sim2/g_00001000.pth
Complete.
Saving checkpoint to results/dualmic_sim2/do_00001000.pth
Complete.
valid: PESQ 2.686, Mag 0.0271, Pha 2.0502. Best PESQ 2.686 at step 1000
Error computing PESQ score: b'No utterances detected'
Error computing PESQ score: b'No utterances detected'
Steps : 1010, Gen: 0.640, Disc: 0.028, Metric: 0.167, Mag: 0.030, Pha: 1.911, Com: 0.064, Time: 0.080, Cons: 0.016, s/b: 1.469
Steps : 1020, Gen: 0.687, Disc: 0.000, Metric: 0.224, Mag: 0.024, Pha: 2.071, Com: 0.074, Time: 0.071, Cons: 0.017, s/b: 1.467
Steps : 1030, Gen: 0.608, Disc: 0.000, Metric: 0.190, Mag: 0.022, Pha: 1.830, Com: 0.072, Time: 0.062, Cons: 0.017, s/b: 1.465
Steps : 1040, Gen: 0.670, Disc: 0.032, Metric: 0.130, Mag: 0.018, Pha: 2.064, Com: 0.067, Time: 0.057, Cons: 0.013, s/b: 1.472
Steps : 1050, Gen: 0.598, Disc: 0.013, Metric: 0.111, Mag: 0.017, Pha: 1.841, Com: 0.054, Time: 0.055, Cons: 0.012, s/b: 1.485
Time taken for epoch 1 is 1564 sec

Epoch: 2
Steps : 1060, Gen: 0.607, Disc: 0.000, Metric: 0.101, Mag: 0.019, Pha: 1.858, Com: 0.060, Time: 0.066, Cons: 0.014, s/b: 1.468
Steps : 1070, Gen: 0.663, Disc: 0.001, Metric: 0.178, Mag: 0.021, Pha: 2.015, Com: 0.068, Time: 0.066, Cons: 0.019, s/b: 1.502
Steps : 1080, Gen: 0.647, Disc: 0.000, Metric: 0.160, Mag: 0.022, Pha: 1.966, Com: 0.066, Time: 0.062, Cons: 0.015, s/b: 1.467
Steps : 1090, Gen: 0.696, Disc: 0.000, Metric: 0.168, Mag: 0.018, Pha: 2.157, Com: 0.057, Time: 0.053, Cons: 0.014, s/b: 1.444
Steps : 1100, Gen: 0.564, Disc: 0.011, Metric: 0.074, Mag: 0.017, Pha: 1.732, Com: 0.054, Time: 0.062, Cons: 0.014, s/b: 1.450
Steps : 1110, Gen: 0.680, Disc: 0.000, Metric: 0.191, Mag: 0.015, Pha: 2.106, Com: 0.057, Time: 0.055, Cons: 0.013, s/b: 1.467
Steps : 1120, Gen: 0.515, Disc: 0.000, Metric: 0.028, Mag: 0.018, Pha: 1.571, Com: 0.045, Time: 0.070, Cons: 0.013, s/b: 1.467
Steps : 1130, Gen: 0.598, Disc: 0.023, Metric: 0.022, Mag: 0.020, Pha: 1.828, Com: 0.069, Time: 0.066, Cons: 0.016, s/b: 1.465
Steps : 1140, Gen: 0.593, Disc: 0.000, Metric: 0.067, Mag: 0.016, Pha: 1.835, Com: 0.057, Time: 0.057, Cons: 0.012, s/b: 1.467
Steps : 1150, Gen: 0.544, Disc: 0.000, Metric: 0.076, Mag: 0.018, Pha: 1.656, Com: 0.058, Time: 0.063, Cons: 0.014, s/b: 1.466
Steps : 1160, Gen: 0.557, Disc: 0.000, Metric: 0.119, Mag: 0.019, Pha: 1.681, Com: 0.064, Time: 0.068, Cons: 0.014, s/b: 1.466
Steps : 1170, Gen: 0.602, Disc: 0.000, Metric: 0.095, Mag: 0.017, Pha: 1.852, Com: 0.059, Time: 0.060, Cons: 0.013, s/b: 1.471
Steps : 1180, Gen: 0.645, Disc: 0.017, Metric: 0.088, Mag: 0.017, Pha: 1.996, Com: 0.062, Time: 0.060, Cons: 0.013, s/b: 1.471
Steps : 1190, Gen: 0.717, Disc: 0.016, Metric: 0.213, Mag: 0.020, Pha: 2.201, Com: 0.071, Time: 0.058, Cons: 0.013, s/b: 1.471
Steps : 1200, Gen: 0.554, Disc: 0.000, Metric: 0.013, Mag: 0.014, Pha: 1.720, Com: 0.050, Time: 0.064, Cons: 0.011, s/b: 1.445
Steps : 1210, Gen: 0.549, Disc: 0.011, Metric: 0.125, Mag: 0.018, Pha: 1.672, Com: 0.052, Time: 0.062, Cons: 0.013, s/b: 1.470
Steps : 1220, Gen: 0.546, Disc: 0.000, Metric: 0.035, Mag: 0.014, Pha: 1.692, Com: 0.052, Time: 0.057, Cons: 0.011, s/b: 1.445
Steps : 1230, Gen: 0.597, Disc: 0.000, Metric: 0.049, Mag: 0.011, Pha: 1.886, Com: 0.044, Time: 0.043, Cons: 0.008, s/b: 1.450
Steps : 1240, Gen: 0.665, Disc: 0.045, Metric: 0.104, Mag: 0.016, Pha: 2.057, Com: 0.069, Time: 0.060, Cons: 0.012, s/b: 1.485
Steps : 1250, Gen: 0.548, Disc: 0.015, Metric: 0.035, Mag: 0.017, Pha: 1.683, Com: 0.055, Time: 0.063, Cons: 0.012, s/b: 1.469
Steps : 1260, Gen: 0.529, Disc: 0.000, Metric: 0.106, Mag: 0.014, Pha: 1.629, Com: 0.047, Time: 0.055, Cons: 0.010, s/b: 1.483
Steps : 1270, Gen: 0.596, Disc: 0.000, Metric: 0.197, Mag: 0.015, Pha: 1.826, Com: 0.059, Time: 0.054, Cons: 0.011, s/b: 1.469
Steps : 1280, Gen: 0.572, Disc: 0.070, Metric: 0.101, Mag: 0.017, Pha: 1.750, Com: 0.061, Time: 0.059, Cons: 0.012, s/b: 1.468
Steps : 1290, Gen: 0.630, Disc: 0.000, Metric: 0.110, Mag: 0.016, Pha: 1.957, Com: 0.058, Time: 0.049, Cons: 0.010, s/b: 1.468
Steps : 1300, Gen: 0.544, Disc: 0.000, Metric: 0.012, Mag: 0.016, Pha: 1.674, Com: 0.059, Time: 0.066, Cons: 0.012, s/b: 1.466
Steps : 1310, Gen: 0.570, Disc: 0.000, Metric: 0.015, Mag: 0.013, Pha: 1.777, Com: 0.051, Time: 0.061, Cons: 0.011, s/b: 1.468
Steps : 1320, Gen: 0.692, Disc: 0.000, Metric: 0.081, Mag: 0.016, Pha: 2.169, Com: 0.060, Time: 0.046, Cons: 0.011, s/b: 1.466
Steps : 1330, Gen: 0.610, Disc: 0.002, Metric: 0.111, Mag: 0.017, Pha: 1.876, Com: 0.060, Time: 0.058, Cons: 0.011, s/b: 1.469
Steps : 1340, Gen: 0.552, Disc: 0.001, Metric: 0.087, Mag: 0.016, Pha: 1.686, Com: 0.059, Time: 0.064, Cons: 0.013, s/b: 1.467
Steps : 1350, Gen: 0.590, Disc: 0.000, Metric: 0.053, Mag: 0.015, Pha: 1.828, Com: 0.058, Time: 0.058, Cons: 0.012, s/b: 1.482
Steps : 1360, Gen: 0.630, Disc: 0.000, Metric: 0.220, Mag: 0.027, Pha: 1.874, Com: 0.072, Time: 0.072, Cons: 0.017, s/b: 1.467
Steps : 1370, Gen: 0.637, Disc: 0.023, Metric: 0.098, Mag: 0.026, Pha: 1.919, Com: 0.072, Time: 0.074, Cons: 0.021, s/b: 1.469
Steps : 1380, Gen: 0.632, Disc: 0.000, Metric: 0.088, Mag: 0.021, Pha: 1.942, Com: 0.057, Time: 0.059, Cons: 0.014, s/b: 1.459
Steps : 1390, Gen: 0.631, Disc: 0.000, Metric: 0.110, Mag: 0.021, Pha: 1.926, Com: 0.060, Time: 0.069, Cons: 0.013, s/b: 1.466
Steps : 1400, Gen: 0.652, Disc: 0.000, Metric: 0.093, Mag: 0.022, Pha: 1.999, Com: 0.066, Time: 0.060, Cons: 0.014, s/b: 1.467
Steps : 1410, Gen: 0.607, Disc: 0.000, Metric: 0.118, Mag: 0.016, Pha: 1.879, Com: 0.052, Time: 0.050, Cons: 0.012, s/b: 1.620
Steps : 1420, Gen: 0.568, Disc: 0.000, Metric: 0.083, Mag: 0.017, Pha: 1.748, Com: 0.058, Time: 0.053, Cons: 0.013, s/b: 1.469
Steps : 1430, Gen: 0.636, Disc: 0.000, Metric: 0.191, Mag: 0.020, Pha: 1.943, Com: 0.063, Time: 0.053, Cons: 0.013, s/b: 1.466
Steps : 1440, Gen: 0.619, Disc: 0.050, Metric: 0.125, Mag: 0.018, Pha: 1.897, Com: 0.067, Time: 0.058, Cons: 0.013, s/b: 1.468
Steps : 1450, Gen: 0.624, Disc: 0.027, Metric: 0.165, Mag: 0.015, Pha: 1.934, Com: 0.055, Time: 0.045, Cons: 0.011, s/b: 1.469
Steps : 1460, Gen: 0.533, Disc: 0.012, Metric: 0.069, Mag: 0.018, Pha: 1.623, Com: 0.059, Time: 0.061, Cons: 0.013, s/b: 1.469
Steps : 1470, Gen: 0.525, Disc: 0.006, Metric: 0.046, Mag: 0.014, Pha: 1.625, Com: 0.049, Time: 0.054, Cons: 0.011, s/b: 1.469
Steps : 1480, Gen: 0.473, Disc: 0.017, Metric: 0.012, Mag: 0.015, Pha: 1.446, Com: 0.053, Time: 0.060, Cons: 0.012, s/b: 1.470
Steps : 1490, Gen: 0.577, Disc: 0.000, Metric: 0.115, Mag: 0.015, Pha: 1.781, Com: 0.054, Time: 0.054, Cons: 0.011, s/b: 1.467
Steps : 1500, Gen: 0.623, Disc: 0.000, Metric: 0.056, Mag: 0.016, Pha: 1.938, Com: 0.059, Time: 0.052, Cons: 0.012, s/b: 1.476
Saving checkpoint to results/dualmic_sim2/g_00001500.pth
Complete.
Saving checkpoint to results/dualmic_sim2/do_00001500.pth
Complete.
valid: PESQ 3.295, Mag 0.0146, Pha 1.8799. Best PESQ 3.295 at step 1500
Error computing PESQ score: b'No utterances detected'
Error computing PESQ score: b'No utterances detected'
Error computing PESQ score: b'No utterances detected'
Steps : 1510, Gen: 0.630, Disc: 0.015, Metric: 0.212, Mag: 0.013, Pha: 1.959, Com: 0.046, Time: 0.045, Cons: 0.009, s/b: 1.470
Steps : 1520, Gen: 0.546, Disc: 0.000, Metric: 0.123, Mag: 0.013, Pha: 1.695, Com: 0.046, Time: 0.043, Cons: 0.010, s/b: 1.467
Steps : 1530, Gen: 0.595, Disc: 0.000, Metric: 0.161, Mag: 0.013, Pha: 1.848, Com: 0.050, Time: 0.044, Cons: 0.010, s/b: 1.467
Steps : 1540, Gen: 0.447, Disc: 0.000, Metric: 0.072, Mag: 0.013, Pha: 1.366, Com: 0.045, Time: 0.055, Cons: 0.010, s/b: 1.467
Steps : 1550, Gen: 0.507, Disc: 0.000, Metric: 0.066, Mag: 0.012, Pha: 1.574, Com: 0.046, Time: 0.048, Cons: 0.009, s/b: 1.468
Steps : 1560, Gen: 0.533, Disc: 0.001, Metric: 0.021, Mag: 0.015, Pha: 1.644, Com: 0.057, Time: 0.057, Cons: 0.012, s/b: 1.469
Steps : 1570, Gen: 0.615, Disc: 0.000, Metric: 0.019, Mag: 0.012, Pha: 1.939, Com: 0.049, Time: 0.048, Cons: 0.010, s/b: 1.468
Steps : 1580, Gen: 0.544, Disc: 0.000, Metric: 0.054, Mag: 0.014, Pha: 1.683, Com: 0.054, Time: 0.052, Cons: 0.011, s/b: 1.468
Steps : 1590, Gen: 0.461, Disc: 0.000, Metric: 0.011, Mag: 0.011, Pha: 1.434, Com: 0.042, Time: 0.047, Cons: 0.009, s/b: 1.466
Steps : 1600, Gen: 0.560, Disc: 0.001, Metric: 0.068, Mag: 0.013, Pha: 1.751, Com: 0.049, Time: 0.041, Cons: 0.010, s/b: 1.466
Steps : 1610, Gen: 0.608, Disc: 0.000, Metric: 0.130, Mag: 0.013, Pha: 1.895, Com: 0.055, Time: 0.044, Cons: 0.010, s/b: 1.466
Steps : 1620, Gen: 0.610, Disc: 0.000, Metric: 0.075, Mag: 0.013, Pha: 1.907, Com: 0.059, Time: 0.044, Cons: 0.011, s/b: 1.467
Steps : 1630, Gen: 0.553, Disc: 0.000, Metric: 0.031, Mag: 0.013, Pha: 1.737, Com: 0.041, Time: 0.045, Cons: 0.009, s/b: 1.466
Steps : 1640, Gen: 0.584, Disc: 0.000, Metric: 0.087, Mag: 0.011, Pha: 1.832, Com: 0.049, Time: 0.041, Cons: 0.009, s/b: 1.466
Steps : 1650, Gen: 0.583, Disc: 0.000, Metric: 0.013, Mag: 0.014, Pha: 1.822, Com: 0.057, Time: 0.048, Cons: 0.010, s/b: 1.465
Steps : 1660, Gen: 0.650, Disc: 0.000, Metric: 0.100, Mag: 0.019, Pha: 2.004, Com: 0.066, Time: 0.053, Cons: 0.012, s/b: 1.466
Steps : 1670, Gen: 0.491, Disc: 0.012, Metric: 0.017, Mag: 0.013, Pha: 1.519, Com: 0.055, Time: 0.049, Cons: 0.011, s/b: 1.468
Steps : 1680, Gen: 0.498, Disc: 0.000, Metric: 0.014, Mag: 0.013, Pha: 1.547, Com: 0.050, Time: 0.051, Cons: 0.010, s/b: 1.467
Steps : 1690, Gen: 0.480, Disc: 0.023, Metric: 0.007, Mag: 0.011, Pha: 1.497, Com: 0.044, Time: 0.050, Cons: 0.009, s/b: 1.470
Steps : 1700, Gen: 0.552, Disc: 0.000, Metric: 0.042, Mag: 0.012, Pha: 1.722, Com: 0.054, Time: 0.049, Cons: 0.010, s/b: 1.467
Steps : 1710, Gen: 0.638, Disc: 0.000, Metric: 0.094, Mag: 0.020, Pha: 1.965, Com: 0.067, Time: 0.054, Cons: 0.010, s/b: 1.469
Steps : 1720, Gen: 0.529, Disc: 0.008, Metric: 0.101, Mag: 0.014, Pha: 1.628, Com: 0.054, Time: 0.050, Cons: 0.011, s/b: 1.476
Steps : 1730, Gen: 0.582, Disc: 0.000, Metric: 0.048, Mag: 0.014, Pha: 1.819, Com: 0.053, Time: 0.041, Cons: 0.010, s/b: 1.467
Steps : 1740, Gen: 0.531, Disc: 0.000, Metric: 0.043, Mag: 0.010, Pha: 1.671, Com: 0.043, Time: 0.040, Cons: 0.008, s/b: 1.468
Steps : 1750, Gen: 0.571, Disc: 0.000, Metric: 0.051, Mag: 0.011, Pha: 1.794, Com: 0.047, Time: 0.045, Cons: 0.009, s/b: 1.467
Steps : 1760, Gen: 0.492, Disc: 0.000, Metric: 0.097, Mag: 0.013, Pha: 1.503, Com: 0.053, Time: 0.057, Cons: 0.010, s/b: 1.465
Steps : 1770, Gen: 0.565, Disc: 0.039, Metric: 0.056, Mag: 0.015, Pha: 1.749, Com: 0.057, Time: 0.053, Cons: 0.010, s/b: 1.468
Steps : 1780, Gen: 0.547, Disc: 0.000, Metric: 0.067, Mag: 0.014, Pha: 1.694, Com: 0.050, Time: 0.052, Cons: 0.010, s/b: 1.461
Steps : 1790, Gen: 0.531, Disc: 0.000, Metric: 0.065, Mag: 0.013, Pha: 1.643, Com: 0.049, Time: 0.059, Cons: 0.009, s/b: 1.466
Steps : 1800, Gen: 0.573, Disc: 0.008, Metric: 0.064, Mag: 0.012, Pha: 1.796, Com: 0.051, Time: 0.041, Cons: 0.008, s/b: 1.469
Steps : 1810, Gen: 0.613, Disc: 0.000, Metric: 0.113, Mag: 0.014, Pha: 1.909, Com: 0.056, Time: 0.044, Cons: 0.009, s/b: 1.586
Steps : 1820, Gen: 0.556, Disc: 0.000, Metric: 0.025, Mag: 0.014, Pha: 1.731, Com: 0.053, Time: 0.048, Cons: 0.011, s/b: 1.467
Steps : 1830, Gen: 0.523, Disc: 0.000, Metric: 0.052, Mag: 0.011, Pha: 1.633, Com: 0.045, Time: 0.051, Cons: 0.009, s/b: 1.466
Steps : 1840, Gen: 0.427, Disc: 0.000, Metric: 0.031, Mag: 0.011, Pha: 1.318, Com: 0.041, Time: 0.051, Cons: 0.009, s/b: 1.466
Steps : 1850, Gen: 0.550, Disc: 0.000, Metric: 0.141, Mag: 0.014, Pha: 1.701, Com: 0.048, Time: 0.045, Cons: 0.008, s/b: 1.468
Steps : 1860, Gen: 0.480, Disc: 0.002, Metric: 0.008, Mag: 0.011, Pha: 1.501, Com: 0.043, Time: 0.049, Cons: 0.008, s/b: 1.472
Steps : 1870, Gen: 0.453, Disc: 0.005, Metric: 0.028, Mag: 0.011, Pha: 1.401, Com: 0.046, Time: 0.049, Cons: 0.009, s/b: 1.471
Steps : 1880, Gen: 0.404, Disc: 0.025, Metric: 0.019, Mag: 0.010, Pha: 1.253, Com: 0.040, Time: 0.044, Cons: 0.008, s/b: 1.468
Steps : 1890, Gen: 0.553, Disc: 0.047, Metric: 0.061, Mag: 0.011, Pha: 1.737, Com: 0.044, Time: 0.045, Cons: 0.008, s/b: 1.469
Steps : 1900, Gen: 0.520, Disc: 0.031, Metric: 0.042, Mag: 0.011, Pha: 1.625, Com: 0.047, Time: 0.046, Cons: 0.008, s/b: 1.469
Steps : 1910, Gen: 0.426, Disc: 0.000, Metric: 0.011, Mag: 0.008, Pha: 1.345, Com: 0.031, Time: 0.039, Cons: 0.007, s/b: 1.468
Steps : 1920, Gen: 0.533, Disc: 0.000, Metric: 0.104, Mag: 0.012, Pha: 1.657, Com: 0.046, Time: 0.048, Cons: 0.008, s/b: 1.466
Steps : 1930, Gen: 0.525, Disc: 0.000, Metric: 0.058, Mag: 0.010, Pha: 1.647, Com: 0.044, Time: 0.043, Cons: 0.008, s/b: 1.469
Steps : 1940, Gen: 0.469, Disc: 0.000, Metric: 0.009, Mag: 0.011, Pha: 1.456, Com: 0.048, Time: 0.051, Cons: 0.009, s/b: 1.468
Steps : 1950, Gen: 0.526, Disc: 0.000, Metric: 0.083, Mag: 0.011, Pha: 1.648, Com: 0.041, Time: 0.039, Cons: 0.007, s/b: 1.467
Steps : 1960, Gen: 0.557, Disc: 0.000, Metric: 0.141, Mag: 0.011, Pha: 1.737, Com: 0.046, Time: 0.041, Cons: 0.008, s/b: 1.467
Steps : 1970, Gen: 0.545, Disc: 0.037, Metric: 0.136, Mag: 0.011, Pha: 1.698, Com: 0.046, Time: 0.041, Cons: 0.008, s/b: 1.469
Steps : 1980, Gen: 0.519, Disc: 0.000, Metric: 0.015, Mag: 0.012, Pha: 1.621, Com: 0.050, Time: 0.046, Cons: 0.009, s/b: 1.468
Steps : 1990, Gen: 0.486, Disc: 0.000, Metric: 0.042, Mag: 0.010, Pha: 1.521, Com: 0.042, Time: 0.043, Cons: 0.008, s/b: 1.467
Steps : 2000, Gen: 0.490, Disc: 0.000, Metric: 0.011, Mag: 0.010, Pha: 1.539, Com: 0.047, Time: 0.039, Cons: 0.008, s/b: 1.466
Saving checkpoint to results/dualmic_sim2/g_00002000.pth
Complete.
Saving checkpoint to results/dualmic_sim2/do_00002000.pth
Complete.
valid: PESQ 3.394, Mag 0.0103, Pha 1.6810. Best PESQ 3.394 at step 2000
Error computing PESQ score: b'No utterances detected'
Error computing PESQ score: b'No utterances detected'
Error computing PESQ score: b'No utterances detected'
Error computing PESQ score: b'No utterances detected'
Error computing PESQ score: b'No utterances detected'
Steps : 2010, Gen: 0.556, Disc: 0.000, Metric: 0.027, Mag: 0.010, Pha: 1.752, Com: 0.048, Time: 0.041, Cons: 0.008, s/b: 1.466
Steps : 2020, Gen: 0.466, Disc: 0.000, Metric: 0.024, Mag: 0.011, Pha: 1.454, Com: 0.042, Time: 0.042, Cons: 0.008, s/b: 1.467
Steps : 2030, Gen: 0.398, Disc: 0.001, Metric: 0.062, Mag: 0.008, Pha: 1.241, Com: 0.031, Time: 0.040, Cons: 0.007, s/b: 1.467
Steps : 2040, Gen: 0.512, Disc: 0.000, Metric: 0.028, Mag: 0.010, Pha: 1.604, Com: 0.046, Time: 0.048, Cons: 0.009, s/b: 1.461
Steps : 2050, Gen: 0.760, Disc: 0.050, Metric: 0.186, Mag: 0.100, Pha: 2.028, Com: 0.099, Time: 0.150, Cons: 0.010, s/b: 1.471
Steps : 2060, Gen: 0.571, Disc: 0.000, Metric: 0.083, Mag: 0.030, Pha: 1.705, Com: 0.056, Time: 0.075, Cons: 0.012, s/b: 1.466
Steps : 2070, Gen: 0.577, Disc: 0.000, Metric: 0.069, Mag: 0.017, Pha: 1.773, Com: 0.058, Time: 0.065, Cons: 0.011, s/b: 1.469
Steps : 2080, Gen: 0.533, Disc: 0.000, Metric: 0.042, Mag: 0.015, Pha: 1.645, Com: 0.056, Time: 0.053, Cons: 0.010, s/b: 1.466
Steps : 2090, Gen: 0.585, Disc: 0.000, Metric: 0.044, Mag: 0.013, Pha: 1.831, Com: 0.054, Time: 0.048, Cons: 0.009, s/b: 1.467
Steps : 2100, Gen: 0.495, Disc: 0.000, Metric: 0.066, Mag: 0.009, Pha: 1.552, Com: 0.040, Time: 0.041, Cons: 0.007, s/b: 1.469
Steps : 2110, Gen: 0.526, Disc: 0.000, Metric: 0.050, Mag: 0.011, Pha: 1.647, Com: 0.047, Time: 0.043, Cons: 0.008, s/b: 1.466
Time taken for epoch 2 is 1566 sec

Epoch: 3
Steps : 2120, Gen: 0.484, Disc: 0.000, Metric: 0.015, Mag: 0.012, Pha: 1.507, Com: 0.047, Time: 0.048, Cons: 0.009, s/b: 1.468
Steps : 2130, Gen: 0.560, Disc: 0.006, Metric: 0.065, Mag: 0.020, Pha: 1.720, Com: 0.056, Time: 0.050, Cons: 0.009, s/b: 1.485
Steps : 2140, Gen: 0.479, Disc: 0.000, Metric: 0.055, Mag: 0.011, Pha: 1.480, Com: 0.042, Time: 0.057, Cons: 0.009, s/b: 1.466
Steps : 2150, Gen: 0.550, Disc: 0.016, Metric: 0.019, Mag: 0.012, Pha: 1.723, Com: 0.054, Time: 0.046, Cons: 0.009, s/b: 1.468
Steps : 2160, Gen: 0.548, Disc: 0.000, Metric: 0.047, Mag: 0.012, Pha: 1.709, Com: 0.054, Time: 0.044, Cons: 0.009, s/b: 1.465
Steps : 2170, Gen: 0.526, Disc: 0.000, Metric: 0.027, Mag: 0.013, Pha: 1.634, Com: 0.053, Time: 0.052, Cons: 0.010, s/b: 1.466
Steps : 2180, Gen: 0.587, Disc: 0.000, Metric: 0.093, Mag: 0.015, Pha: 1.827, Com: 0.052, Time: 0.043, Cons: 0.009, s/b: 1.465
Steps : 2190, Gen: 0.554, Disc: 0.000, Metric: 0.044, Mag: 0.010, Pha: 1.755, Com: 0.040, Time: 0.036, Cons: 0.007, s/b: 1.467
Steps : 2200, Gen: 0.527, Disc: 0.000, Metric: 0.008, Mag: 0.013, Pha: 1.642, Com: 0.050, Time: 0.051, Cons: 0.009, s/b: 1.467
Steps : 2210, Gen: 0.549, Disc: 0.000, Metric: 0.011, Mag: 0.010, Pha: 1.729, Com: 0.046, Time: 0.044, Cons: 0.008, s/b: 1.444
Steps : 2220, Gen: 0.568, Disc: 0.000, Metric: 0.048, Mag: 0.008, Pha: 1.806, Com: 0.038, Time: 0.036, Cons: 0.007, s/b: 1.445
Steps : 2230, Gen: 0.460, Disc: 0.000, Metric: 0.022, Mag: 0.011, Pha: 1.436, Com: 0.040, Time: 0.045, Cons: 0.008, s/b: 1.444
Steps : 2240, Gen: 0.546, Disc: 0.033, Metric: 0.014, Mag: 0.012, Pha: 1.708, Com: 0.050, Time: 0.051, Cons: 0.009, s/b: 1.470
Steps : 2250, Gen: 0.484, Disc: 0.006, Metric: 0.017, Mag: 0.011, Pha: 1.509, Com: 0.047, Time: 0.047, Cons: 0.008, s/b: 1.446
Steps : 2260, Gen: 0.519, Disc: 0.000, Metric: 0.105, Mag: 0.013, Pha: 1.606, Com: 0.049, Time: 0.041, Cons: 0.008, s/b: 1.443
Steps : 2270, Gen: 0.542, Disc: 0.000, Metric: 0.053, Mag: 0.008, Pha: 1.720, Com: 0.037, Time: 0.034, Cons: 0.007, s/b: 1.447
Steps : 2280, Gen: 0.512, Disc: 0.000, Metric: 0.017, Mag: 0.009, Pha: 1.614, Com: 0.041, Time: 0.044, Cons: 0.008, s/b: 1.470
Steps : 2290, Gen: 0.503, Disc: 0.000, Metric: 0.025, Mag: 0.010, Pha: 1.587, Com: 0.040, Time: 0.039, Cons: 0.007, s/b: 1.466
Steps : 2300, Gen: 0.544, Disc: 0.000, Metric: 0.039, Mag: 0.010, Pha: 1.716, Com: 0.047, Time: 0.037, Cons: 0.008, s/b: 1.466
Steps : 2310, Gen: 0.552, Disc: 0.000, Metric: 0.064, Mag: 0.010, Pha: 1.732, Com: 0.047, Time: 0.047, Cons: 0.008, s/b: 1.466
Steps : 2320, Gen: 0.519, Disc: 0.000, Metric: 0.015, Mag: 0.009, Pha: 1.646, Com: 0.039, Time: 0.036, Cons: 0.007, s/b: 1.467
Steps : 2330, Gen: 0.495, Disc: 0.017, Metric: 0.023, Mag: 0.009, Pha: 1.562, Com: 0.040, Time: 0.034, Cons: 0.007, s/b: 1.486
Steps : 2340, Gen: 0.553, Disc: 0.000, Metric: 0.067, Mag: 0.010, Pha: 1.746, Com: 0.039, Time: 0.038, Cons: 0.006, s/b: 1.466
Steps : 2350, Gen: 0.464, Disc: 0.010, Metric: 0.017, Mag: 0.008, Pha: 1.464, Com: 0.038, Time: 0.037, Cons: 0.007, s/b: 1.468
Steps : 2360, Gen: 0.507, Disc: 0.000, Metric: 0.009, Mag: 0.011, Pha: 1.586, Com: 0.047, Time: 0.047, Cons: 0.008, s/b: 1.465
Steps : 2370, Gen: 0.502, Disc: 0.006, Metric: 0.071, Mag: 0.010, Pha: 1.569, Com: 0.047, Time: 0.040, Cons: 0.008, s/b: 1.469
Steps : 2380, Gen: 0.414, Disc: 0.000, Metric: 0.051, Mag: 0.009, Pha: 1.295, Com: 0.031, Time: 0.039, Cons: 0.007, s/b: 1.467
Steps : 2390, Gen: 0.514, Disc: 0.014, Metric: 0.049, Mag: 0.011, Pha: 1.605, Com: 0.051, Time: 0.043, Cons: 0.008, s/b: 1.468
Steps : 2400, Gen: 0.478, Disc: 0.000, Metric: 0.014, Mag: 0.009, Pha: 1.504, Com: 0.040, Time: 0.042, Cons: 0.007, s/b: 1.465
Steps : 2410, Gen: 0.495, Disc: 0.000, Metric: 0.040, Mag: 0.009, Pha: 1.563, Com: 0.038, Time: 0.036, Cons: 0.007, s/b: 1.466
Steps : 2420, Gen: 0.504, Disc: 0.000, Metric: 0.033, Mag: 0.012, Pha: 1.574, Com: 0.050, Time: 0.039, Cons: 0.009, s/b: 1.465
Steps : 2430, Gen: 0.521, Disc: 0.001, Metric: 0.144, Mag: 0.008, Pha: 1.641, Com: 0.035, Time: 0.028, Cons: 0.006, s/b: 1.467
Steps : 2440, Gen: 0.459, Disc: 0.000, Metric: 0.015, Mag: 0.009, Pha: 1.446, Com: 0.038, Time: 0.037, Cons: 0.006, s/b: 1.469
Steps : 2450, Gen: 0.476, Disc: 0.000, Metric: 0.002, Mag: 0.009, Pha: 1.502, Com: 0.039, Time: 0.038, Cons: 0.007, s/b: 1.467
Steps : 2460, Gen: 0.411, Disc: 0.000, Metric: 0.003, Mag: 0.011, Pha: 1.271, Com: 0.037, Time: 0.052, Cons: 0.007, s/b: 1.466
Steps : 2470, Gen: 0.525, Disc: 0.000, Metric: 0.020, Mag: 0.010, Pha: 1.654, Com: 0.044, Time: 0.038, Cons: 0.008, s/b: 1.466
Steps : 2480, Gen: 0.475, Disc: 0.008, Metric: 0.040, Mag: 0.011, Pha: 1.480, Com: 0.041, Time: 0.047, Cons: 0.007, s/b: 1.468
Steps : 2490, Gen: 0.514, Disc: 0.000, Metric: 0.012, Mag: 0.011, Pha: 1.613, Com: 0.046, Time: 0.044, Cons: 0.008, s/b: 1.466
Steps : 2500, Gen: 0.596, Disc: 0.000, Metric: 0.114, Mag: 0.010, Pha: 1.887, Com: 0.041, Time: 0.028, Cons: 0.007, s/b: 1.466
Saving checkpoint to results/dualmic_sim2/g_00002500.pth
Complete.
Saving checkpoint to results/dualmic_sim2/do_00002500.pth
Complete.
valid: PESQ 3.983, Mag 0.0099, Pha 1.5300. Best PESQ 3.983 at step 2500
Error computing PESQ score: b'No utterances detected'
Steps : 2510, Gen: 0.437, Disc: 0.000, Metric: 0.005, Mag: 0.015, Pha: 1.344, Com: 0.044, Time: 0.045, Cons: 0.008, s/b: 1.468
Steps : 2520, Gen: 0.491, Disc: 0.000, Metric: 0.010, Mag: 0.008, Pha: 1.563, Com: 0.034, Time: 0.033, Cons: 0.006, s/b: 1.482
Steps : 2530, Gen: 0.454, Disc: 0.000, Metric: 0.003, Mag: 0.010, Pha: 1.427, Com: 0.040, Time: 0.038, Cons: 0.006, s/b: 1.467
Steps : 2540, Gen: 0.510, Disc: 0.000, Metric: 0.002, Mag: 0.010, Pha: 1.597, Com: 0.048, Time: 0.049, Cons: 0.008, s/b: 1.467
Steps : 2550, Gen: 0.524, Disc: 0.000, Metric: 0.012, Mag: 0.010, Pha: 1.650, Com: 0.045, Time: 0.040, Cons: 0.008, s/b: 1.470
Steps : 2560, Gen: 0.462, Disc: 0.000, Metric: 0.019, Mag: 0.014, Pha: 1.419, Com: 0.047, Time: 0.062, Cons: 0.009, s/b: 1.467
Steps : 2570, Gen: 0.574, Disc: 0.000, Metric: 0.181, Mag: 0.016, Pha: 1.755, Com: 0.051, Time: 0.055, Cons: 0.012, s/b: 1.466
Steps : 2580, Gen: 0.506, Disc: 0.000, Metric: 0.079, Mag: 0.013, Pha: 1.565, Com: 0.049, Time: 0.049, Cons: 0.009, s/b: 1.468
Steps : 2590, Gen: 0.466, Disc: 0.005, Metric: 0.027, Mag: 0.010, Pha: 1.449, Com: 0.043, Time: 0.053, Cons: 0.008, s/b: 1.468
Steps : 2600, Gen: 0.516, Disc: 0.057, Metric: 0.040, Mag: 0.009, Pha: 1.629, Com: 0.037, Time: 0.041, Cons: 0.007, s/b: 1.469
Steps : 2610, Gen: 0.463, Disc: 0.059, Metric: 0.052, Mag: 0.011, Pha: 1.439, Com: 0.041, Time: 0.045, Cons: 0.009, s/b: 1.485
Steps : 2620, Gen: 0.441, Disc: 0.014, Metric: 0.063, Mag: 0.010, Pha: 1.365, Com: 0.040, Time: 0.050, Cons: 0.008, s/b: 1.472
Steps : 2630, Gen: 0.505, Disc: 0.000, Metric: 0.021, Mag: 0.010, Pha: 1.591, Com: 0.041, Time: 0.040, Cons: 0.008, s/b: 1.470
Steps : 2640, Gen: 0.493, Disc: 0.000, Metric: 0.031, Mag: 0.010, Pha: 1.551, Com: 0.042, Time: 0.036, Cons: 0.007, s/b: 1.466
Steps : 2650, Gen: 0.423, Disc: 0.000, Metric: 0.005, Mag: 0.009, Pha: 1.324, Com: 0.034, Time: 0.044, Cons: 0.007, s/b: 1.468
Steps : 2660, Gen: 0.468, Disc: 0.000, Metric: 0.075, Mag: 0.011, Pha: 1.455, Com: 0.044, Time: 0.036, Cons: 0.007, s/b: 1.467
Steps : 2670, Gen: 0.538, Disc: 0.025, Metric: 0.092, Mag: 0.011, Pha: 1.684, Com: 0.047, Time: 0.040, Cons: 0.007, s/b: 1.469
Steps : 2680, Gen: 0.461, Disc: 0.000, Metric: 0.020, Mag: 0.008, Pha: 1.459, Com: 0.033, Time: 0.035, Cons: 0.006, s/b: 1.469
Steps : 2690, Gen: 0.431, Disc: 0.000, Metric: 0.002, Mag: 0.009, Pha: 1.348, Com: 0.037, Time: 0.047, Cons: 0.008, s/b: 1.469
Steps : 2700, Gen: 0.473, Disc: 0.000, Metric: 0.003, Mag: 0.009, Pha: 1.488, Com: 0.039, Time: 0.044, Cons: 0.008, s/b: 1.467
Steps : 2710, Gen: 0.455, Disc: 0.000, Metric: 0.003, Mag: 0.009, Pha: 1.433, Com: 0.039, Time: 0.039, Cons: 0.008, s/b: 1.467
Steps : 2720, Gen: 0.507, Disc: 0.000, Metric: 0.052, Mag: 0.013, Pha: 1.571, Com: 0.052, Time: 0.044, Cons: 0.009, s/b: 1.468
Steps : 2730, Gen: 0.509, Disc: 0.030, Metric: 0.070, Mag: 0.013, Pha: 1.583, Com: 0.046, Time: 0.042, Cons: 0.008, s/b: 1.473
Steps : 2740, Gen: 0.430, Disc: 0.000, Metric: 0.033, Mag: 0.009, Pha: 1.344, Com: 0.041, Time: 0.036, Cons: 0.007, s/b: 1.466
Steps : 2750, Gen: 0.519, Disc: 0.000, Metric: 0.064, Mag: 0.010, Pha: 1.631, Com: 0.042, Time: 0.041, Cons: 0.008, s/b: 1.466
Steps : 2760, Gen: 0.490, Disc: 0.000, Metric: 0.054, Mag: 0.009, Pha: 1.544, Com: 0.036, Time: 0.036, Cons: 0.007, s/b: 1.467
Steps : 2770, Gen: 0.419, Disc: 0.003, Metric: 0.012, Mag: 0.009, Pha: 1.307, Com: 0.038, Time: 0.043, Cons: 0.008, s/b: 1.470
Steps : 2780, Gen: 0.493, Disc: 0.000, Metric: 0.014, Mag: 0.009, Pha: 1.554, Com: 0.044, Time: 0.037, Cons: 0.008, s/b: 1.469
Steps : 2790, Gen: 0.492, Disc: 0.000, Metric: 0.010, Mag: 0.011, Pha: 1.541, Com: 0.047, Time: 0.039, Cons: 0.008, s/b: 1.469
Steps : 2800, Gen: 0.453, Disc: 0.023, Metric: 0.008, Mag: 0.009, Pha: 1.425, Com: 0.038, Time: 0.041, Cons: 0.007, s/b: 1.473
Steps : 2810, Gen: 0.464, Disc: 0.007, Metric: 0.035, Mag: 0.011, Pha: 1.449, Com: 0.046, Time: 0.036, Cons: 0.007, s/b: 1.469
Steps : 2820, Gen: 0.464, Disc: 0.000, Metric: 0.039, Mag: 0.008, Pha: 1.463, Com: 0.034, Time: 0.036, Cons: 0.006, s/b: 1.468
Steps : 2830, Gen: 0.506, Disc: 0.000, Metric: 0.050, Mag: 0.009, Pha: 1.595, Com: 0.039, Time: 0.035, Cons: 0.007, s/b: 1.467
Steps : 2840, Gen: 0.495, Disc: 0.000, Metric: 0.045, Mag: 0.011, Pha: 1.547, Com: 0.042, Time: 0.042, Cons: 0.007, s/b: 1.460
Steps : 2850, Gen: 0.429, Disc: 0.006, Metric: 0.038, Mag: 0.009, Pha: 1.343, Com: 0.037, Time: 0.036, Cons: 0.007, s/b: 1.471
Steps : 2860, Gen: 0.431, Disc: 0.000, Metric: 0.004, Mag: 0.010, Pha: 1.343, Com: 0.041, Time: 0.043, Cons: 0.007, s/b: 1.468
Steps : 2870, Gen: 0.536, Disc: 0.000, Metric: 0.087, Mag: 0.010, Pha: 1.682, Com: 0.042, Time: 0.038, Cons: 0.007, s/b: 1.467
Steps : 2880, Gen: 0.413, Disc: 0.026, Metric: 0.010, Mag: 0.008, Pha: 1.300, Com: 0.033, Time: 0.037, Cons: 0.006, s/b: 1.470
Steps : 2890, Gen: 0.442, Disc: 0.000, Metric: 0.022, Mag: 0.010, Pha: 1.389, Com: 0.038, Time: 0.033, Cons: 0.006, s/b: 1.467
Steps : 2900, Gen: 0.529, Disc: 0.000, Metric: 0.019, Mag: 0.008, Pha: 1.682, Com: 0.039, Time: 0.036, Cons: 0.006, s/b: 1.467
Steps : 2910, Gen: 0.497, Disc: 0.000, Metric: 0.026, Mag: 0.008, Pha: 1.577, Com: 0.038, Time: 0.031, Cons: 0.006, s/b: 1.467
Steps : 2920, Gen: 0.358, Disc: 0.000, Metric: 0.007, Mag: 0.006, Pha: 1.131, Com: 0.023, Time: 0.037, Cons: 0.005, s/b: 1.469
Steps : 2930, Gen: 0.489, Disc: 0.000, Metric: 0.050, Mag: 0.009, Pha: 1.537, Com: 0.037, Time: 0.042, Cons: 0.007, s/b: 1.462
Steps : 2940, Gen: 0.483, Disc: 0.000, Metric: 0.024, Mag: 0.010, Pha: 1.519, Com: 0.042, Time: 0.038, Cons: 0.007, s/b: 1.466
Steps : 2950, Gen: 0.455, Disc: 0.000, Metric: 0.021, Mag: 0.009, Pha: 1.431, Com: 0.037, Time: 0.037, Cons: 0.006, s/b: 1.467
Steps : 2960, Gen: 0.465, Disc: 0.000, Metric: 0.002, Mag: 0.009, Pha: 1.467, Com: 0.039, Time: 0.038, Cons: 0.007, s/b: 1.466
Steps : 2970, Gen: 0.475, Disc: 0.000, Metric: 0.011, Mag: 0.009, Pha: 1.503, Com: 0.037, Time: 0.034, Cons: 0.006, s/b: 1.467
Steps : 2980, Gen: 0.461, Disc: 0.000, Metric: 0.006, Mag: 0.010, Pha: 1.446, Com: 0.042, Time: 0.039, Cons: 0.007, s/b: 1.468
Steps : 2990, Gen: 0.434, Disc: 0.000, Metric: 0.031, Mag: 0.007, Pha: 1.372, Com: 0.032, Time: 0.032, Cons: 0.006, s/b: 1.466
Steps : 3000, Gen: 0.447, Disc: 0.000, Metric: 0.058, Mag: 0.009, Pha: 1.396, Com: 0.041, Time: 0.038, Cons: 0.007, s/b: 1.483
Saving checkpoint to results/dualmic_sim2/g_00003000.pth
Complete.
Saving checkpoint to results/dualmic_sim2/do_00003000.pth
Complete.
valid: PESQ 3.146, Mag 0.0076, Pha 1.4810. Best PESQ 3.983 at step 2500
Error computing PESQ score: b'No utterances detected'
Error computing PESQ score: b'No utterances detected'
Error computing PESQ score: b'No utterances detected'
Error computing PESQ score: b'No utterances detected'
Error computing PESQ score: b'No utterances detected'
Error computing PESQ score: b'No utterances detected'
Error computing PESQ score: b'No utterances detected'
Error computing PESQ score: b'No utterances detected'
Steps : 3010, Gen: 0.462, Disc: 0.000, Metric: 0.022, Mag: 0.008, Pha: 1.466, Com: 0.036, Time: 0.031, Cons: 0.006, s/b: 1.467
Steps : 3020, Gen: 0.484, Disc: 0.000, Metric: 0.038, Mag: 0.017, Pha: 1.482, Com: 0.042, Time: 0.060, Cons: 0.009, s/b: 1.470
Steps : 3030, Gen: 0.437, Disc: 0.000, Metric: 0.030, Mag: 0.010, Pha: 1.374, Com: 0.032, Time: 0.035, Cons: 0.007, s/b: 1.467
Steps : 3040, Gen: 0.506, Disc: 0.000, Metric: 0.035, Mag: 0.011, Pha: 1.590, Com: 0.047, Time: 0.033, Cons: 0.007, s/b: 1.470
Steps : 3050, Gen: 0.508, Disc: 0.000, Metric: 0.077, Mag: 0.009, Pha: 1.605, Com: 0.038, Time: 0.030, Cons: 0.005, s/b: 1.448
Steps : 3060, Gen: 0.389, Disc: 0.003, Metric: 0.030, Mag: 0.010, Pha: 1.200, Com: 0.038, Time: 0.045, Cons: 0.007, s/b: 1.469
Steps : 3070, Gen: 0.440, Disc: 0.003, Metric: 0.020, Mag: 0.009, Pha: 1.382, Com: 0.034, Time: 0.038, Cons: 0.007, s/b: 1.475
Steps : 3080, Gen: 0.444, Disc: 0.000, Metric: 0.046, Mag: 0.020, Pha: 1.331, Com: 0.050, Time: 0.064, Cons: 0.009, s/b: 1.473
Steps : 3090, Gen: 0.462, Disc: 0.000, Metric: 0.072, Mag: 0.011, Pha: 1.439, Com: 0.038, Time: 0.039, Cons: 0.007, s/b: 1.467
Steps : 3100, Gen: 0.471, Disc: 0.003, Metric: 0.054, Mag: 0.011, Pha: 1.469, Com: 0.041, Time: 0.040, Cons: 0.007, s/b: 1.474
Steps : 3110, Gen: 0.452, Disc: 0.000, Metric: 0.074, Mag: 0.011, Pha: 1.409, Com: 0.038, Time: 0.033, Cons: 0.007, s/b: 1.466
Steps : 3120, Gen: 0.441, Disc: 0.000, Metric: 0.003, Mag: 0.008, Pha: 1.395, Com: 0.032, Time: 0.040, Cons: 0.006, s/b: 1.466
Steps : 3130, Gen: 0.466, Disc: 0.000, Metric: 0.019, Mag: 0.009, Pha: 1.472, Com: 0.036, Time: 0.034, Cons: 0.006, s/b: 1.468
Steps : 3140, Gen: 0.465, Disc: 0.000, Metric: 0.012, Mag: 0.008, Pha: 1.478, Com: 0.033, Time: 0.031, Cons: 0.006, s/b: 1.471
Steps : 3150, Gen: 0.501, Disc: 0.000, Metric: 0.037, Mag: 0.009, Pha: 1.585, Com: 0.037, Time: 0.034, Cons: 0.006, s/b: 1.468
Steps : 3160, Gen: 0.474, Disc: 0.000, Metric: 0.007, Mag: 0.008, Pha: 1.505, Com: 0.035, Time: 0.031, Cons: 0.006, s/b: 1.466
Steps : 3170, Gen: 0.516, Disc: 0.000, Metric: 0.004, Mag: 0.008, Pha: 1.643, Com: 0.041, Time: 0.029, Cons: 0.007, s/b: 1.471
Time taken for epoch 3 is 1565 sec

Epoch: 4
Steps : 3180, Gen: 0.485, Disc: 0.008, Metric: 0.065, Mag: 0.009, Pha: 1.525, Com: 0.041, Time: 0.036, Cons: 0.006, s/b: 1.449
Steps : 3190, Gen: 0.586, Disc: 0.000, Metric: 0.060, Mag: 0.010, Pha: 1.862, Com: 0.040, Time: 0.033, Cons: 0.006, s/b: 1.445
Steps : 3200, Gen: 0.490, Disc: 0.000, Metric: 0.005, Mag: 0.008, Pha: 1.552, Com: 0.039, Time: 0.040, Cons: 0.006, s/b: 1.471
Steps : 3210, Gen: 0.423, Disc: 0.000, Metric: 0.011, Mag: 0.009, Pha: 1.325, Com: 0.037, Time: 0.038, Cons: 0.007, s/b: 1.450
Steps : 3220, Gen: 0.592, Disc: 0.000, Metric: 0.081, Mag: 0.011, Pha: 1.870, Com: 0.043, Time: 0.035, Cons: 0.007, s/b: 1.470
Steps : 3230, Gen: 0.473, Disc: 0.000, Metric: 0.040, Mag: 0.008, Pha: 1.498, Com: 0.037, Time: 0.031, Cons: 0.006, s/b: 1.468
Steps : 3240, Gen: 0.503, Disc: 0.000, Metric: 0.025, Mag: 0.009, Pha: 1.591, Com: 0.041, Time: 0.035, Cons: 0.006, s/b: 1.467
Steps : 3250, Gen: 0.529, Disc: 0.000, Metric: 0.060, Mag: 0.037, Pha: 1.540, Com: 0.065, Time: 0.080, Cons: 0.009, s/b: 1.460
Steps : 3260, Gen: 0.445, Disc: 0.000, Metric: 0.082, Mag: 0.012, Pha: 1.372, Com: 0.035, Time: 0.051, Cons: 0.008, s/b: 1.470
Steps : 3270, Gen: 0.457, Disc: 0.041, Metric: 0.049, Mag: 0.009, Pha: 1.432, Com: 0.035, Time: 0.041, Cons: 0.007, s/b: 1.469
Steps : 3280, Gen: 0.495, Disc: 0.051, Metric: 0.118, Mag: 0.009, Pha: 1.554, Com: 0.034, Time: 0.037, Cons: 0.006, s/b: 1.470
Steps : 3290, Gen: 0.415, Disc: 0.000, Metric: 0.002, Mag: 0.008, Pha: 1.311, Com: 0.033, Time: 0.036, Cons: 0.006, s/b: 1.467
Steps : 3300, Gen: 0.413, Disc: 0.000, Metric: 0.005, Mag: 0.006, Pha: 1.314, Com: 0.023, Time: 0.036, Cons: 0.005, s/b: 1.468
Steps : 3310, Gen: 0.469, Disc: 0.005, Metric: 0.001, Mag: 0.009, Pha: 1.480, Com: 0.037, Time: 0.041, Cons: 0.007, s/b: 1.470
Steps : 3320, Gen: 0.460, Disc: 0.004, Metric: 0.015, Mag: 0.009, Pha: 1.450, Com: 0.037, Time: 0.040, Cons: 0.007, s/b: 1.471
Steps : 3330, Gen: 0.513, Disc: 0.000, Metric: 0.095, Mag: 0.009, Pha: 1.615, Com: 0.037, Time: 0.035, Cons: 0.007, s/b: 1.471
Steps : 3340, Gen: 0.436, Disc: 0.000, Metric: 0.003, Mag: 0.011, Pha: 1.354, Com: 0.045, Time: 0.046, Cons: 0.008, s/b: 1.469
Steps : 3350, Gen: 0.410, Disc: 0.006, Metric: 0.007, Mag: 0.009, Pha: 1.285, Com: 0.036, Time: 0.036, Cons: 0.006, s/b: 1.474
Steps : 3360, Gen: 0.478, Disc: 0.000, Metric: 0.005, Mag: 0.010, Pha: 1.505, Com: 0.043, Time: 0.037, Cons: 0.008, s/b: 1.469
Steps : 3370, Gen: 0.428, Disc: 0.010, Metric: 0.007, Mag: 0.007, Pha: 1.363, Com: 0.029, Time: 0.032, Cons: 0.005, s/b: 1.473
Steps : 3380, Gen: 0.407, Disc: 0.003, Metric: 0.007, Mag: 0.009, Pha: 1.264, Com: 0.039, Time: 0.052, Cons: 0.007, s/b: 1.471
Steps : 3390, Gen: 0.441, Disc: 0.000, Metric: 0.001, Mag: 0.007, Pha: 1.400, Com: 0.033, Time: 0.035, Cons: 0.006, s/b: 1.467
Steps : 3400, Gen: 0.381, Disc: 0.000, Metric: 0.000, Mag: 0.007, Pha: 1.203, Com: 0.032, Time: 0.032, Cons: 0.006, s/b: 1.466
Steps : 3410, Gen: 0.488, Disc: 0.000, Metric: 0.052, Mag: 0.008, Pha: 1.547, Com: 0.035, Time: 0.029, Cons: 0.006, s/b: 1.468
Steps : 3420, Gen: 0.468, Disc: 0.000, Metric: 0.024, Mag: 0.007, Pha: 1.488, Com: 0.031, Time: 0.033, Cons: 0.006, s/b: 1.468
Steps : 3430, Gen: 0.519, Disc: 0.000, Metric: 0.033, Mag: 0.009, Pha: 1.648, Com: 0.037, Time: 0.032, Cons: 0.006, s/b: 1.466
Steps : 3440, Gen: 0.437, Disc: 0.000, Metric: 0.007, Mag: 0.008, Pha: 1.378, Com: 0.035, Time: 0.039, Cons: 0.006, s/b: 1.460
Steps : 3450, Gen: 0.406, Disc: 0.011, Metric: 0.005, Mag: 0.009, Pha: 1.267, Com: 0.038, Time: 0.044, Cons: 0.007, s/b: 1.470
Steps : 3460, Gen: 0.494, Disc: 0.000, Metric: 0.047, Mag: 0.009, Pha: 1.555, Com: 0.040, Time: 0.036, Cons: 0.007, s/b: 1.466
Steps : 3470, Gen: 0.441, Disc: 0.000, Metric: 0.004, Mag: 0.010, Pha: 1.373, Com: 0.045, Time: 0.047, Cons: 0.007, s/b: 1.466
Steps : 3480, Gen: 0.408, Disc: 0.000, Metric: 0.004, Mag: 0.007, Pha: 1.287, Com: 0.030, Time: 0.039, Cons: 0.006, s/b: 1.469
Steps : 3490, Gen: 0.489, Disc: 0.000, Metric: 0.014, Mag: 0.009, Pha: 1.539, Com: 0.044, Time: 0.038, Cons: 0.007, s/b: 1.467
Steps : 3500, Gen: 0.439, Disc: 0.000, Metric: 0.005, Mag: 0.007, Pha: 1.398, Com: 0.029, Time: 0.030, Cons: 0.005, s/b: 1.467
Saving checkpoint to results/dualmic_sim2/g_00003500.pth
Complete.
Saving checkpoint to results/dualmic_sim2/do_00003500.pth
Complete.
valid: PESQ 3.758, Mag 0.0074, Pha 1.3723. Best PESQ 3.983 at step 2500
Error computing PESQ score: b'No utterances detected'
Error computing PESQ score: b'No utterances detected'
Error computing PESQ score: b'No utterances detected'
Steps : 3510, Gen: 0.494, Disc: 0.000, Metric: 0.052, Mag: 0.008, Pha: 1.570, Com: 0.034, Time: 0.028, Cons: 0.005, s/b: 1.464
Steps : 3520, Gen: 0.473, Disc: 0.000, Metric: 0.009, Mag: 0.007, Pha: 1.508, Com: 0.034, Time: 0.031, Cons: 0.005, s/b: 1.469
Steps : 3530, Gen: 0.472, Disc: 0.000, Metric: 0.031, Mag: 0.009, Pha: 1.494, Com: 0.037, Time: 0.028, Cons: 0.006, s/b: 1.468
Steps : 3540, Gen: 0.423, Disc: 0.007, Metric: 0.012, Mag: 0.008, Pha: 1.333, Com: 0.035, Time: 0.034, Cons: 0.006, s/b: 1.466
Steps : 3550, Gen: 0.447, Disc: 0.004, Metric: 0.013, Mag: 0.008, Pha: 1.417, Com: 0.035, Time: 0.034, Cons: 0.006, s/b: 1.474
Steps : 3560, Gen: 0.402, Disc: 0.000, Metric: 0.013, Mag: 0.007, Pha: 1.267, Com: 0.033, Time: 0.034, Cons: 0.006, s/b: 1.460
Steps : 3570, Gen: 0.445, Disc: 0.019, Metric: 0.036, Mag: 0.008, Pha: 1.409, Com: 0.033, Time: 0.032, Cons: 0.006, s/b: 1.472
Steps : 3580, Gen: 0.497, Disc: 0.000, Metric: 0.071, Mag: 0.008, Pha: 1.573, Com: 0.035, Time: 0.031, Cons: 0.005, s/b: 1.468
Steps : 3590, Gen: 0.420, Disc: 0.000, Metric: 0.007, Mag: 0.008, Pha: 1.329, Com: 0.030, Time: 0.034, Cons: 0.006, s/b: 1.469
Steps : 3600, Gen: 0.406, Disc: 0.028, Metric: 0.030, Mag: 0.008, Pha: 1.278, Com: 0.030, Time: 0.034, Cons: 0.005, s/b: 1.470
Steps : 3610, Gen: 0.462, Disc: 0.000, Metric: 0.006, Mag: 0.009, Pha: 1.456, Com: 0.039, Time: 0.038, Cons: 0.007, s/b: 1.466
Steps : 3620, Gen: 0.410, Disc: 0.003, Metric: 0.002, Mag: 0.009, Pha: 1.290, Com: 0.035, Time: 0.035, Cons: 0.006, s/b: 1.465
Steps : 3630, Gen: 0.436, Disc: 0.000, Metric: 0.026, Mag: 0.010, Pha: 1.363, Com: 0.044, Time: 0.033, Cons: 0.006, s/b: 1.468
Steps : 3640, Gen: 0.479, Disc: 0.000, Metric: 0.003, Mag: 0.009, Pha: 1.503, Com: 0.047, Time: 0.043, Cons: 0.006, s/b: 1.467
Steps : 3650, Gen: 0.454, Disc: 0.000, Metric: 0.012, Mag: 0.011, Pha: 1.423, Com: 0.035, Time: 0.040, Cons: 0.007, s/b: 1.467
Steps : 3660, Gen: 0.448, Disc: 0.000, Metric: 0.011, Mag: 0.008, Pha: 1.417, Com: 0.032, Time: 0.037, Cons: 0.007, s/b: 1.467
Steps : 3670, Gen: 0.413, Disc: 0.000, Metric: 0.002, Mag: 0.008, Pha: 1.299, Com: 0.037, Time: 0.038, Cons: 0.006, s/b: 1.468
Steps : 3680, Gen: 0.451, Disc: 0.000, Metric: 0.037, Mag: 0.007, Pha: 1.436, Com: 0.028, Time: 0.029, Cons: 0.005, s/b: 1.467
Steps : 3690, Gen: 0.432, Disc: 0.000, Metric: 0.047, Mag: 0.007, Pha: 1.371, Com: 0.027, Time: 0.031, Cons: 0.005, s/b: 1.444
Steps : 3700, Gen: 0.481, Disc: 0.000, Metric: 0.015, Mag: 0.008, Pha: 1.526, Com: 0.038, Time: 0.031, Cons: 0.006, s/b: 1.468
Steps : 3710, Gen: 0.431, Disc: 0.025, Metric: 0.007, Mag: 0.009, Pha: 1.355, Com: 0.040, Time: 0.038, Cons: 0.006, s/b: 1.473
Steps : 3720, Gen: 0.397, Disc: 0.000, Metric: 0.006, Mag: 0.008, Pha: 1.245, Com: 0.036, Time: 0.037, Cons: 0.006, s/b: 1.469
Steps : 3730, Gen: 0.429, Disc: 0.000, Metric: 0.016, Mag: 0.012, Pha: 1.334, Com: 0.037, Time: 0.042, Cons: 0.007, s/b: 1.467
Steps : 3740, Gen: 0.422, Disc: 0.000, Metric: 0.004, Mag: 0.008, Pha: 1.334, Com: 0.030, Time: 0.032, Cons: 0.006, s/b: 1.448
Steps : 3750, Gen: 0.473, Disc: 0.002, Metric: 0.004, Mag: 0.008, Pha: 1.501, Com: 0.038, Time: 0.031, Cons: 0.006, s/b: 1.449
Steps : 3760, Gen: 0.445, Disc: 0.000, Metric: 0.016, Mag: 0.007, Pha: 1.416, Com: 0.031, Time: 0.032, Cons: 0.005, s/b: 1.445
Steps : 3770, Gen: 0.437, Disc: 0.000, Metric: 0.004, Mag: 0.008, Pha: 1.390, Com: 0.032, Time: 0.028, Cons: 0.005, s/b: 1.445
Steps : 3780, Gen: 0.396, Disc: 0.003, Metric: 0.004, Mag: 0.010, Pha: 1.229, Com: 0.040, Time: 0.042, Cons: 0.007, s/b: 1.448
Steps : 3790, Gen: 0.451, Disc: 0.000, Metric: 0.027, Mag: 0.008, Pha: 1.423, Com: 0.037, Time: 0.032, Cons: 0.006, s/b: 1.445
Steps : 3800, Gen: 0.410, Disc: 0.000, Metric: 0.008, Mag: 0.007, Pha: 1.295, Com: 0.031, Time: 0.035, Cons: 0.005, s/b: 1.445
Steps : 3810, Gen: 0.466, Disc: 0.000, Metric: 0.017, Mag: 0.007, Pha: 1.485, Com: 0.032, Time: 0.027, Cons: 0.005, s/b: 1.443
Steps : 3820, Gen: 0.460, Disc: 0.000, Metric: 0.022, Mag: 0.007, Pha: 1.464, Com: 0.031, Time: 0.030, Cons: 0.005, s/b: 1.446
Steps : 3830, Gen: 0.513, Disc: 0.000, Metric: 0.082, Mag: 0.008, Pha: 1.628, Com: 0.034, Time: 0.030, Cons: 0.005, s/b: 1.446
Steps : 3840, Gen: 0.430, Disc: 0.026, Metric: 0.003, Mag: 0.010, Pha: 1.343, Com: 0.042, Time: 0.042, Cons: 0.007, s/b: 1.473
Steps : 3850, Gen: 0.426, Disc: 0.009, Metric: 0.010, Mag: 0.010, Pha: 1.328, Com: 0.040, Time: 0.046, Cons: 0.006, s/b: 1.471
Steps : 3860, Gen: 0.501, Disc: 0.000, Metric: 0.027, Mag: 0.008, Pha: 1.592, Com: 0.036, Time: 0.035, Cons: 0.006, s/b: 1.468
Steps : 3870, Gen: 0.496, Disc: 0.015, Metric: 0.028, Mag: 0.009, Pha: 1.572, Com: 0.039, Time: 0.029, Cons: 0.006, s/b: 1.471
Steps : 3880, Gen: 0.450, Disc: 0.021, Metric: 0.047, Mag: 0.008, Pha: 1.427, Com: 0.030, Time: 0.030, Cons: 0.005, s/b: 1.469
Steps : 3890, Gen: 0.467, Disc: 0.000, Metric: 0.004, Mag: 0.010, Pha: 1.468, Com: 0.044, Time: 0.037, Cons: 0.007, s/b: 1.467
Steps : 3900, Gen: 0.398, Disc: 0.005, Metric: 0.033, Mag: 0.008, Pha: 1.248, Com: 0.033, Time: 0.036, Cons: 0.006, s/b: 1.469
Steps : 3910, Gen: 0.463, Disc: 0.000, Metric: 0.046, Mag: 0.008, Pha: 1.460, Com: 0.035, Time: 0.033, Cons: 0.006, s/b: 1.467
Steps : 3920, Gen: 0.432, Disc: 0.000, Metric: 0.003, Mag: 0.009, Pha: 1.359, Com: 0.039, Time: 0.035, Cons: 0.006, s/b: 1.467
Steps : 3930, Gen: 0.472, Disc: 0.029, Metric: 0.082, Mag: 0.007, Pha: 1.494, Com: 0.033, Time: 0.029, Cons: 0.006, s/b: 1.471
Steps : 3940, Gen: 0.444, Disc: 0.000, Metric: 0.043, Mag: 0.008, Pha: 1.401, Com: 0.037, Time: 0.028, Cons: 0.005, s/b: 1.468
Steps : 3950, Gen: 0.421, Disc: 0.000, Metric: 0.021, Mag: 0.008, Pha: 1.321, Com: 0.038, Time: 0.040, Cons: 0.006, s/b: 1.464
Steps : 3960, Gen: 0.446, Disc: 0.033, Metric: 0.046, Mag: 0.008, Pha: 1.404, Com: 0.036, Time: 0.033, Cons: 0.006, s/b: 1.470
Steps : 3970, Gen: 0.495, Disc: 0.000, Metric: 0.053, Mag: 0.008, Pha: 1.568, Com: 0.037, Time: 0.029, Cons: 0.005, s/b: 1.468
Steps : 3980, Gen: 0.348, Disc: 0.002, Metric: 0.002, Mag: 0.007, Pha: 1.082, Com: 0.030, Time: 0.045, Cons: 0.006, s/b: 1.470
Steps : 3990, Gen: 0.457, Disc: 0.000, Metric: 0.009, Mag: 0.009, Pha: 1.444, Com: 0.039, Time: 0.033, Cons: 0.006, s/b: 1.471
Steps : 4000, Gen: 0.494, Disc: 0.000, Metric: 0.010, Mag: 0.009, Pha: 1.560, Com: 0.044, Time: 0.035, Cons: 0.007, s/b: 1.470
Saving checkpoint to results/dualmic_sim2/g_00004000.pth
Complete.
Saving checkpoint to results/dualmic_sim2/do_00004000.pth
Complete.
valid: PESQ 3.769, Mag 0.0079, Pha 1.3888. Best PESQ 3.983 at step 2500
Error computing PESQ score: b'No utterances detected'
Error computing PESQ score: b'No utterances detected'
Error computing PESQ score: b'No utterances detected'
Steps : 4010, Gen: 0.487, Disc: 0.000, Metric: 0.019, Mag: 0.008, Pha: 1.545, Com: 0.042, Time: 0.029, Cons: 0.006, s/b: 1.464
Steps : 4020, Gen: 0.481, Disc: 0.000, Metric: 0.050, Mag: 0.008, Pha: 1.522, Com: 0.035, Time: 0.033, Cons: 0.005, s/b: 1.467
Steps : 4030, Gen: 0.474, Disc: 0.000, Metric: 0.053, Mag: 0.007, Pha: 1.512, Com: 0.028, Time: 0.025, Cons: 0.005, s/b: 1.468
Steps : 4040, Gen: 0.398, Disc: 0.000, Metric: 0.003, Mag: 0.008, Pha: 1.249, Com: 0.035, Time: 0.038, Cons: 0.006, s/b: 1.467
Steps : 4050, Gen: 0.391, Disc: 0.000, Metric: 0.029, Mag: 0.007, Pha: 1.232, Com: 0.029, Time: 0.033, Cons: 0.005, s/b: 1.468
Steps : 4060, Gen: 0.436, Disc: 0.000, Metric: 0.010, Mag: 0.007, Pha: 1.388, Com: 0.030, Time: 0.030, Cons: 0.005, s/b: 1.468
Steps : 4070, Gen: 0.428, Disc: 0.000, Metric: 0.005, Mag: 0.008, Pha: 1.356, Com: 0.032, Time: 0.034, Cons: 0.006, s/b: 1.468
Steps : 4080, Gen: 0.460, Disc: 0.000, Metric: 0.003, Mag: 0.008, Pha: 1.455, Com: 0.037, Time: 0.041, Cons: 0.006, s/b: 1.466
Steps : 4090, Gen: 0.507, Disc: 0.000, Metric: 0.091, Mag: 0.008, Pha: 1.604, Com: 0.034, Time: 0.027, Cons: 0.006, s/b: 1.471
Steps : 4100, Gen: 0.433, Disc: 0.006, Metric: 0.043, Mag: 0.009, Pha: 1.356, Com: 0.037, Time: 0.037, Cons: 0.006, s/b: 1.469
Steps : 4110, Gen: 0.454, Disc: 0.000, Metric: 0.009, Mag: 0.009, Pha: 1.431, Com: 0.039, Time: 0.038, Cons: 0.006, s/b: 1.469
Steps : 4120, Gen: 0.454, Disc: 0.000, Metric: 0.002, Mag: 0.008, Pha: 1.438, Com: 0.036, Time: 0.033, Cons: 0.006, s/b: 1.452
Steps : 4130, Gen: 0.413, Disc: 0.032, Metric: 0.003, Mag: 0.008, Pha: 1.298, Com: 0.037, Time: 0.038, Cons: 0.006, s/b: 1.473
Steps : 4140, Gen: 0.408, Disc: 0.000, Metric: 0.006, Mag: 0.008, Pha: 1.281, Com: 0.034, Time: 0.040, Cons: 0.006, s/b: 1.467
Steps : 4150, Gen: 0.442, Disc: 0.000, Metric: 0.035, Mag: 0.008, Pha: 1.400, Com: 0.031, Time: 0.029, Cons: 0.006, s/b: 1.467
Steps : 4160, Gen: 0.407, Disc: 0.000, Metric: 0.002, Mag: 0.007, Pha: 1.289, Com: 0.032, Time: 0.035, Cons: 0.005, s/b: 1.471
Steps : 4170, Gen: 0.382, Disc: 0.000, Metric: 0.016, Mag: 0.008, Pha: 1.196, Com: 0.031, Time: 0.039, Cons: 0.006, s/b: 1.469
Steps : 4180, Gen: 0.395, Disc: 0.029, Metric: 0.012, Mag: 0.008, Pha: 1.238, Com: 0.038, Time: 0.036, Cons: 0.006, s/b: 1.471
Steps : 4190, Gen: 0.458, Disc: 0.000, Metric: 0.006, Mag: 0.008, Pha: 1.453, Com: 0.035, Time: 0.034, Cons: 0.006, s/b: 1.467
Steps : 4200, Gen: 0.415, Disc: 0.000, Metric: 0.007, Mag: 0.008, Pha: 1.308, Com: 0.033, Time: 0.036, Cons: 0.006, s/b: 1.469
Steps : 4210, Gen: 0.461, Disc: 0.000, Metric: 0.051, Mag: 0.009, Pha: 1.446, Com: 0.038, Time: 0.039, Cons: 0.006, s/b: 1.467
Steps : 4220, Gen: 0.369, Disc: 0.000, Metric: 0.002, Mag: 0.008, Pha: 1.158, Com: 0.033, Time: 0.031, Cons: 0.005, s/b: 1.467
Steps : 4230, Gen: 0.421, Disc: 0.000, Metric: 0.046, Mag: 0.008, Pha: 1.327, Com: 0.032, Time: 0.029, Cons: 0.005, s/b: 1.469
Time taken for epoch 4 is 1565 sec

Epoch: 5
Steps : 4240, Gen: 0.440, Disc: 0.000, Metric: 0.007, Mag: 0.010, Pha: 1.378, Com: 0.040, Time: 0.038, Cons: 0.007, s/b: 1.474
Steps : 4250, Gen: 0.428, Disc: 0.000, Metric: 0.004, Mag: 0.008, Pha: 1.356, Com: 0.032, Time: 0.031, Cons: 0.005, s/b: 1.467
Steps : 4260, Gen: 0.453, Disc: 0.000, Metric: 0.033, Mag: 0.008, Pha: 1.439, Com: 0.033, Time: 0.028, Cons: 0.005, s/b: 1.462
Steps : 4270, Gen: 0.434, Disc: 0.005, Metric: 0.045, Mag: 0.009, Pha: 1.362, Com: 0.033, Time: 0.035, Cons: 0.007, s/b: 1.470
Steps : 4280, Gen: 0.448, Disc: 0.000, Metric: 0.012, Mag: 0.007, Pha: 1.428, Com: 0.033, Time: 0.027, Cons: 0.005, s/b: 1.468
Steps : 4290, Gen: 0.371, Disc: 0.008, Metric: 0.008, Mag: 0.009, Pha: 1.161, Com: 0.035, Time: 0.032, Cons: 0.005, s/b: 1.470
Steps : 4300, Gen: 0.397, Disc: 0.000, Metric: 0.007, Mag: 0.007, Pha: 1.257, Com: 0.031, Time: 0.032, Cons: 0.005, s/b: 1.469
Steps : 4310, Gen: 0.379, Disc: 0.000, Metric: 0.002, Mag: 0.006, Pha: 1.203, Com: 0.027, Time: 0.028, Cons: 0.004, s/b: 1.444
Steps : 4320, Gen: 0.440, Disc: 0.000, Metric: 0.002, Mag: 0.007, Pha: 1.397, Com: 0.033, Time: 0.033, Cons: 0.006, s/b: 1.470
Steps : 4330, Gen: 0.483, Disc: 0.000, Metric: 0.051, Mag: 0.010, Pha: 1.514, Com: 0.045, Time: 0.035, Cons: 0.006, s/b: 1.483
Steps : 4340, Gen: 0.446, Disc: 0.000, Metric: 0.001, Mag: 0.007, Pha: 1.423, Com: 0.031, Time: 0.026, Cons: 0.005, s/b: 1.467
Steps : 4350, Gen: 0.356, Disc: 0.000, Metric: 0.003, Mag: 0.007, Pha: 1.125, Com: 0.027, Time: 0.029, Cons: 0.005, s/b: 1.469
Steps : 4360, Gen: 0.496, Disc: 0.000, Metric: 0.074, Mag: 0.007, Pha: 1.580, Com: 0.032, Time: 0.021, Cons: 0.005, s/b: 1.465
Steps : 4370, Gen: 0.413, Disc: 0.000, Metric: 0.033, Mag: 0.008, Pha: 1.293, Com: 0.035, Time: 0.038, Cons: 0.005, s/b: 1.467
Steps : 4380, Gen: 0.370, Disc: 0.024, Metric: 0.003, Mag: 0.007, Pha: 1.166, Com: 0.028, Time: 0.033, Cons: 0.005, s/b: 1.469
Steps : 4390, Gen: 0.446, Disc: 0.000, Metric: 0.006, Mag: 0.009, Pha: 1.406, Com: 0.039, Time: 0.034, Cons: 0.005, s/b: 1.452
Steps : 4400, Gen: 0.428, Disc: 0.007, Metric: 0.018, Mag: 0.009, Pha: 1.349, Com: 0.036, Time: 0.029, Cons: 0.005, s/b: 1.466
Steps : 4410, Gen: 0.388, Disc: 0.004, Metric: 0.014, Mag: 0.006, Pha: 1.229, Com: 0.029, Time: 0.034, Cons: 0.005, s/b: 1.471
Steps : 4420, Gen: 0.373, Disc: 0.000, Metric: 0.000, Mag: 0.008, Pha: 1.171, Com: 0.031, Time: 0.038, Cons: 0.006, s/b: 1.468
Steps : 4430, Gen: 0.402, Disc: 0.000, Metric: 0.001, Mag: 0.007, Pha: 1.274, Com: 0.029, Time: 0.031, Cons: 0.005, s/b: 1.466
Steps : 4440, Gen: 0.432, Disc: 0.005, Metric: 0.026, Mag: 0.010, Pha: 1.353, Com: 0.037, Time: 0.039, Cons: 0.006, s/b: 1.472
Steps : 4450, Gen: 0.426, Disc: 0.034, Metric: 0.002, Mag: 0.008, Pha: 1.344, Com: 0.039, Time: 0.029, Cons: 0.005, s/b: 1.471
Steps : 4460, Gen: 0.421, Disc: 0.015, Metric: 0.008, Mag: 0.009, Pha: 1.321, Com: 0.039, Time: 0.038, Cons: 0.006, s/b: 1.469
Steps : 4470, Gen: 0.453, Disc: 0.000, Metric: 0.024, Mag: 0.006, Pha: 1.441, Com: 0.030, Time: 0.034, Cons: 0.005, s/b: 1.467
Steps : 4480, Gen: 0.402, Disc: 0.000, Metric: 0.004, Mag: 0.006, Pha: 1.279, Com: 0.030, Time: 0.028, Cons: 0.005, s/b: 1.472
Steps : 4490, Gen: 0.412, Disc: 0.000, Metric: 0.005, Mag: 0.006, Pha: 1.314, Com: 0.030, Time: 0.027, Cons: 0.005, s/b: 1.468
Steps : 4500, Gen: 0.502, Disc: 0.000, Metric: 0.041, Mag: 0.008, Pha: 1.597, Com: 0.039, Time: 0.026, Cons: 0.005, s/b: 1.467
Saving checkpoint to results/dualmic_sim2/g_00004500.pth
Complete.
Saving checkpoint to results/dualmic_sim2/do_00004500.pth
Complete.
valid: PESQ 4.060, Mag 0.0074, Pha 1.3899. Best PESQ 4.060 at step 4500
Error computing PESQ score: b'No utterances detected'
Error computing PESQ score: b'No utterances detected'
Steps : 4510, Gen: 0.489, Disc: 0.000, Metric: 0.012, Mag: 0.010, Pha: 1.537, Com: 0.050, Time: 0.036, Cons: 0.006, s/b: 1.448
Steps : 4520, Gen: 0.408, Disc: 0.008, Metric: 0.003, Mag: 0.007, Pha: 1.293, Com: 0.035, Time: 0.026, Cons: 0.005, s/b: 1.451
Steps : 4530, Gen: 0.438, Disc: 0.000, Metric: 0.014, Mag: 0.009, Pha: 1.380, Com: 0.039, Time: 0.033, Cons: 0.006, s/b: 1.446
Steps : 4540, Gen: 0.439, Disc: 0.000, Metric: 0.004, Mag: 0.007, Pha: 1.402, Com: 0.028, Time: 0.030, Cons: 0.005, s/b: 1.468
Steps : 4550, Gen: 0.422, Disc: 0.001, Metric: 0.002, Mag: 0.008, Pha: 1.331, Com: 0.038, Time: 0.035, Cons: 0.005, s/b: 1.471
Steps : 4560, Gen: 0.458, Disc: 0.000, Metric: 0.004, Mag: 0.008, Pha: 1.458, Com: 0.033, Time: 0.031, Cons: 0.005, s/b: 1.468
Steps : 4570, Gen: 0.444, Disc: 0.007, Metric: 0.031, Mag: 0.008, Pha: 1.398, Com: 0.037, Time: 0.038, Cons: 0.005, s/b: 1.469
Steps : 4580, Gen: 0.434, Disc: 0.000, Metric: 0.021, Mag: 0.008, Pha: 1.378, Com: 0.026, Time: 0.033, Cons: 0.005, s/b: 1.468
Steps : 4590, Gen: 0.391, Disc: 0.005, Metric: 0.021, Mag: 0.007, Pha: 1.235, Com: 0.031, Time: 0.028, Cons: 0.005, s/b: 1.470
Steps : 4600, Gen: 0.466, Disc: 0.000, Metric: 0.028, Mag: 0.008, Pha: 1.477, Com: 0.040, Time: 0.027, Cons: 0.005, s/b: 1.471
Steps : 4610, Gen: 0.425, Disc: 0.000, Metric: 0.029, Mag: 0.007, Pha: 1.348, Com: 0.031, Time: 0.028, Cons: 0.005, s/b: 1.470
Steps : 4620, Gen: 0.419, Disc: 0.019, Metric: 0.026, Mag: 0.007, Pha: 1.319, Com: 0.032, Time: 0.037, Cons: 0.005, s/b: 1.471
Steps : 4630, Gen: 0.413, Disc: 0.000, Metric: 0.008, Mag: 0.008, Pha: 1.303, Com: 0.031, Time: 0.031, Cons: 0.006, s/b: 1.473
Steps : 4640, Gen: 0.469, Disc: 0.000, Metric: 0.008, Mag: 0.008, Pha: 1.481, Com: 0.042, Time: 0.036, Cons: 0.006, s/b: 1.463
Steps : 4650, Gen: 0.367, Disc: 0.000, Metric: 0.001, Mag: 0.008, Pha: 1.153, Com: 0.033, Time: 0.031, Cons: 0.005, s/b: 1.467
Steps : 4660, Gen: 0.407, Disc: 0.000, Metric: 0.016, Mag: 0.006, Pha: 1.294, Com: 0.027, Time: 0.027, Cons: 0.005, s/b: 1.469
Steps : 4670, Gen: 0.438, Disc: 0.004, Metric: 0.009, Mag: 0.008, Pha: 1.389, Com: 0.036, Time: 0.027, Cons: 0.005, s/b: 1.461
Steps : 4680, Gen: 0.385, Disc: 0.000, Metric: 0.001, Mag: 0.007, Pha: 1.219, Com: 0.029, Time: 0.033, Cons: 0.005, s/b: 1.469
Steps : 4690, Gen: 0.430, Disc: 0.033, Metric: 0.006, Mag: 0.007, Pha: 1.361, Com: 0.034, Time: 0.035, Cons: 0.005, s/b: 1.471
Steps : 4700, Gen: 0.406, Disc: 0.000, Metric: 0.002, Mag: 0.007, Pha: 1.283, Com: 0.033, Time: 0.035, Cons: 0.005, s/b: 1.461
Steps : 4710, Gen: 0.457, Disc: 0.000, Metric: 0.002, Mag: 0.008, Pha: 1.448, Com: 0.036, Time: 0.035, Cons: 0.005, s/b: 1.467
Steps : 4720, Gen: 0.430, Disc: 0.002, Metric: 0.002, Mag: 0.009, Pha: 1.351, Com: 0.037, Time: 0.041, Cons: 0.005, s/b: 1.472
Steps : 4730, Gen: 0.449, Disc: 0.000, Metric: 0.002, Mag: 0.009, Pha: 1.413, Com: 0.044, Time: 0.035, Cons: 0.006, s/b: 1.468
Steps : 4740, Gen: 0.439, Disc: 0.011, Metric: 0.003, Mag: 0.006, Pha: 1.400, Com: 0.029, Time: 0.032, Cons: 0.005, s/b: 1.470
Steps : 4750, Gen: 0.408, Disc: 0.000, Metric: 0.010, Mag: 0.007, Pha: 1.289, Com: 0.032, Time: 0.031, Cons: 0.005, s/b: 1.468
Steps : 4760, Gen: 0.450, Disc: 0.000, Metric: 0.002, Mag: 0.008, Pha: 1.427, Com: 0.035, Time: 0.033, Cons: 0.005, s/b: 1.468
Steps : 4770, Gen: 0.338, Disc: 0.023, Metric: 0.009, Mag: 0.009, Pha: 1.050, Com: 0.029, Time: 0.035, Cons: 0.005, s/b: 1.472
Steps : 4780, Gen: 0.416, Disc: 0.027, Metric: 0.002, Mag: 0.008, Pha: 1.314, Com: 0.034, Time: 0.034, Cons: 0.005, s/b: 1.471
Steps : 4790, Gen: 0.449, Disc: 0.000, Metric: 0.012, Mag: 0.008, Pha: 1.424, Com: 0.039, Time: 0.027, Cons: 0.005, s/b: 1.466
Steps : 4800, Gen: 0.393, Disc: 0.000, Metric: 0.002, Mag: 0.008, Pha: 1.238, Com: 0.037, Time: 0.032, Cons: 0.006, s/b: 1.471
Steps : 4810, Gen: 0.406, Disc: 0.002, Metric: 0.008, Mag: 0.007, Pha: 1.286, Com: 0.032, Time: 0.031, Cons: 0.005, s/b: 1.469
Steps : 4820, Gen: 0.431, Disc: 0.000, Metric: 0.014, Mag: 0.007, Pha: 1.368, Com: 0.034, Time: 0.027, Cons: 0.005, s/b: 1.467
Steps : 4830, Gen: 0.490, Disc: 0.005, Metric: 0.068, Mag: 0.020, Pha: 1.505, Com: 0.046, Time: 0.036, Cons: 0.006, s/b: 1.471
Steps : 4840, Gen: 0.409, Disc: 0.000, Metric: 0.034, Mag: 0.008, Pha: 1.281, Com: 0.036, Time: 0.036, Cons: 0.005, s/b: 1.470
Steps : 4850, Gen: 0.418, Disc: 0.001, Metric: 0.002, Mag: 0.009, Pha: 1.315, Com: 0.036, Time: 0.035, Cons: 0.005, s/b: 1.471
Steps : 4860, Gen: 0.357, Disc: 0.000, Metric: 0.000, Mag: 0.007, Pha: 1.120, Com: 0.030, Time: 0.036, Cons: 0.005, s/b: 1.467
Steps : 4870, Gen: 0.426, Disc: 0.003, Metric: 0.054, Mag: 0.007, Pha: 1.339, Com: 0.033, Time: 0.035, Cons: 0.005, s/b: 1.449
Steps : 4880, Gen: 0.355, Disc: 0.013, Metric: 0.012, Mag: 0.007, Pha: 1.117, Com: 0.030, Time: 0.030, Cons: 0.005, s/b: 1.469
Steps : 4890, Gen: 0.428, Disc: 0.000, Metric: 0.003, Mag: 0.007, Pha: 1.362, Com: 0.033, Time: 0.026, Cons: 0.005, s/b: 1.458
Steps : 4900, Gen: 0.391, Disc: 0.000, Metric: 0.001, Mag: 0.008, Pha: 1.228, Com: 0.029, Time: 0.046, Cons: 0.005, s/b: 1.467
Steps : 4910, Gen: 0.415, Disc: 0.000, Metric: 0.004, Mag: 0.007, Pha: 1.316, Com: 0.031, Time: 0.034, Cons: 0.005, s/b: 1.466
Steps : 4920, Gen: 0.356, Disc: 0.000, Metric: 0.000, Mag: 0.005, Pha: 1.136, Com: 0.022, Time: 0.028, Cons: 0.004, s/b: 1.467
Steps : 4930, Gen: 0.386, Disc: 0.006, Metric: 0.003, Mag: 0.009, Pha: 1.205, Com: 0.039, Time: 0.038, Cons: 0.005, s/b: 1.471
Steps : 4940, Gen: 0.440, Disc: 0.000, Metric: 0.014, Mag: 0.007, Pha: 1.401, Com: 0.035, Time: 0.026, Cons: 0.005, s/b: 1.469
Steps : 4950, Gen: 0.457, Disc: 0.000, Metric: 0.001, Mag: 0.006, Pha: 1.467, Com: 0.029, Time: 0.027, Cons: 0.004, s/b: 1.469
Steps : 4960, Gen: 0.413, Disc: 0.000, Metric: 0.014, Mag: 0.008, Pha: 1.304, Com: 0.036, Time: 0.029, Cons: 0.005, s/b: 1.468
Steps : 4970, Gen: 0.381, Disc: 0.000, Metric: 0.032, Mag: 0.006, Pha: 1.206, Com: 0.025, Time: 0.031, Cons: 0.004, s/b: 1.468
Steps : 4980, Gen: 0.494, Disc: 0.000, Metric: 0.058, Mag: 0.007, Pha: 1.569, Com: 0.033, Time: 0.030, Cons: 0.005, s/b: 1.467
Steps : 4990, Gen: 0.458, Disc: 0.000, Metric: 0.011, Mag: 0.009, Pha: 1.440, Com: 0.043, Time: 0.038, Cons: 0.006, s/b: 1.459
Steps : 5000, Gen: 0.382, Disc: 0.000, Metric: 0.016, Mag: 0.006, Pha: 1.210, Com: 0.029, Time: 0.028, Cons: 0.004, s/b: 1.470
Saving checkpoint to results/dualmic_sim2/g_00005000.pth
Complete.
Saving checkpoint to results/dualmic_sim2/do_00005000.pth
Complete.
valid: PESQ 4.014, Mag 0.0072, Pha 1.2962. Best PESQ 4.060 at step 4500
Error computing PESQ score: b'No utterances detected'
Error computing PESQ score: b'No utterances detected'
Steps : 5010, Gen: 0.416, Disc: 0.000, Metric: 0.020, Mag: 0.006, Pha: 1.319, Com: 0.030, Time: 0.030, Cons: 0.005, s/b: 1.466
Steps : 5020, Gen: 0.420, Disc: 0.002, Metric: 0.003, Mag: 0.009, Pha: 1.320, Com: 0.038, Time: 0.035, Cons: 0.006, s/b: 1.470
Steps : 5030, Gen: 0.404, Disc: 0.000, Metric: 0.000, Mag: 0.008, Pha: 1.268, Com: 0.038, Time: 0.037, Cons: 0.005, s/b: 1.470
Steps : 5040, Gen: 0.490, Disc: 0.000, Metric: 0.028, Mag: 0.009, Pha: 1.560, Com: 0.035, Time: 0.025, Cons: 0.005, s/b: 1.449
Steps : 5050, Gen: 0.429, Disc: 0.029, Metric: 0.003, Mag: 0.006, Pha: 1.373, Com: 0.028, Time: 0.025, Cons: 0.005, s/b: 1.450
Steps : 5060, Gen: 0.438, Disc: 0.000, Metric: 0.038, Mag: 0.007, Pha: 1.387, Com: 0.034, Time: 0.029, Cons: 0.005, s/b: 1.448
Steps : 5070, Gen: 0.397, Disc: 0.004, Metric: 0.007, Mag: 0.008, Pha: 1.244, Com: 0.037, Time: 0.039, Cons: 0.006, s/b: 1.450
Steps : 5080, Gen: 0.410, Disc: 0.000, Metric: 0.015, Mag: 0.007, Pha: 1.299, Com: 0.028, Time: 0.034, Cons: 0.005, s/b: 1.449
Steps : 5090, Gen: 0.363, Disc: 0.059, Metric: 0.006, Mag: 0.008, Pha: 1.142, Com: 0.030, Time: 0.031, Cons: 0.005, s/b: 1.476
Steps : 5100, Gen: 0.408, Disc: 0.001, Metric: 0.027, Mag: 0.007, Pha: 1.290, Com: 0.034, Time: 0.032, Cons: 0.005, s/b: 1.451
Steps : 5110, Gen: 0.431, Disc: 0.000, Metric: 0.001, Mag: 0.007, Pha: 1.367, Com: 0.033, Time: 0.032, Cons: 0.005, s/b: 1.449
Steps : 5120, Gen: 0.456, Disc: 0.000, Metric: 0.006, Mag: 0.008, Pha: 1.442, Com: 0.041, Time: 0.032, Cons: 0.006, s/b: 1.447
Steps : 5130, Gen: 0.449, Disc: 0.000, Metric: 0.001, Mag: 0.006, Pha: 1.441, Com: 0.029, Time: 0.025, Cons: 0.004, s/b: 1.469
Steps : 5140, Gen: 0.432, Disc: 0.000, Metric: 0.005, Mag: 0.008, Pha: 1.368, Com: 0.036, Time: 0.031, Cons: 0.006, s/b: 1.470
Steps : 5150, Gen: 0.382, Disc: 0.002, Metric: 0.002, Mag: 0.007, Pha: 1.212, Com: 0.028, Time: 0.030, Cons: 0.005, s/b: 1.462
Steps : 5160, Gen: 0.436, Disc: 0.000, Metric: 0.007, Mag: 0.015, Pha: 1.348, Com: 0.035, Time: 0.047, Cons: 0.006, s/b: 1.467
Steps : 5170, Gen: 0.426, Disc: 0.000, Metric: 0.005, Mag: 0.012, Pha: 1.327, Com: 0.032, Time: 0.049, Cons: 0.005, s/b: 1.469
Steps : 5180, Gen: 0.430, Disc: 0.000, Metric: 0.020, Mag: 0.007, Pha: 1.368, Com: 0.032, Time: 0.026, Cons: 0.004, s/b: 1.468
Steps : 5190, Gen: 0.411, Disc: 0.003, Metric: 0.005, Mag: 0.007, Pha: 1.306, Com: 0.032, Time: 0.028, Cons: 0.005, s/b: 1.475
Steps : 5200, Gen: 0.442, Disc: 0.001, Metric: 0.002, Mag: 0.010, Pha: 1.390, Com: 0.042, Time: 0.033, Cons: 0.005, s/b: 1.470
Steps : 5210, Gen: 0.453, Disc: 0.027, Metric: 0.006, Mag: 0.009, Pha: 1.429, Com: 0.044, Time: 0.030, Cons: 0.005, s/b: 1.471
Steps : 5220, Gen: 0.470, Disc: 0.000, Metric: 0.034, Mag: 0.008, Pha: 1.491, Com: 0.037, Time: 0.027, Cons: 0.005, s/b: 1.469
Steps : 5230, Gen: 0.414, Disc: 0.003, Metric: 0.004, Mag: 0.008, Pha: 1.306, Com: 0.038, Time: 0.031, Cons: 0.006, s/b: 1.470
Steps : 5240, Gen: 0.444, Disc: 0.000, Metric: 0.003, Mag: 0.008, Pha: 1.410, Com: 0.035, Time: 0.031, Cons: 0.005, s/b: 1.467
Steps : 5250, Gen: 0.451, Disc: 0.000, Metric: 0.014, Mag: 0.008, Pha: 1.432, Com: 0.033, Time: 0.031, Cons: 0.005, s/b: 1.467
Steps : 5260, Gen: 0.412, Disc: 0.016, Metric: 0.059, Mag: 0.010, Pha: 1.276, Com: 0.040, Time: 0.038, Cons: 0.006, s/b: 1.469
Steps : 5270, Gen: 0.431, Disc: 0.000, Metric: 0.005, Mag: 0.006, Pha: 1.380, Com: 0.025, Time: 0.029, Cons: 0.004, s/b: 1.462
Steps : 5280, Gen: 0.459, Disc: 0.000, Metric: 0.058, Mag: 0.015, Pha: 1.425, Com: 0.032, Time: 0.040, Cons: 0.006, s/b: 1.467
Steps : 5290, Gen: 0.455, Disc: 0.004, Metric: 0.039, Mag: 0.011, Pha: 1.425, Com: 0.035, Time: 0.038, Cons: 0.006, s/b: 1.471
Time taken for epoch 5 is 1565 sec

Epoch: 6
Steps : 5300, Gen: 0.446, Disc: 0.000, Metric: 0.002, Mag: 0.008, Pha: 1.413, Com: 0.033, Time: 0.035, Cons: 0.006, s/b: 1.470
Steps : 5310, Gen: 0.423, Disc: 0.000, Metric: 0.030, Mag: 0.009, Pha: 1.334, Com: 0.032, Time: 0.031, Cons: 0.005, s/b: 1.468
Steps : 5320, Gen: 0.410, Disc: 0.000, Metric: 0.004, Mag: 0.007, Pha: 1.303, Com: 0.026, Time: 0.030, Cons: 0.005, s/b: 1.469
Steps : 5330, Gen: 0.416, Disc: 0.001, Metric: 0.003, Mag: 0.007, Pha: 1.318, Com: 0.033, Time: 0.029, Cons: 0.006, s/b: 1.470
Steps : 5340, Gen: 0.406, Disc: 0.009, Metric: 0.008, Mag: 0.009, Pha: 1.272, Com: 0.040, Time: 0.032, Cons: 0.006, s/b: 1.468
Steps : 5350, Gen: 0.380, Disc: 0.003, Metric: 0.004, Mag: 0.008, Pha: 1.195, Com: 0.032, Time: 0.032, Cons: 0.005, s/b: 1.469
Steps : 5360, Gen: 0.441, Disc: 0.000, Metric: 0.003, Mag: 0.007, Pha: 1.408, Com: 0.033, Time: 0.026, Cons: 0.005, s/b: 1.461
Steps : 5370, Gen: 0.433, Disc: 0.000, Metric: 0.008, Mag: 0.008, Pha: 1.366, Com: 0.035, Time: 0.035, Cons: 0.005, s/b: 1.468
Steps : 5380, Gen: 0.390, Disc: 0.000, Metric: 0.016, Mag: 0.006, Pha: 1.242, Com: 0.025, Time: 0.026, Cons: 0.005, s/b: 1.467
Steps : 5390, Gen: 0.422, Disc: 0.000, Metric: 0.018, Mag: 0.007, Pha: 1.332, Com: 0.034, Time: 0.034, Cons: 0.005, s/b: 1.458
Steps : 5400, Gen: 0.455, Disc: 0.000, Metric: 0.004, Mag: 0.008, Pha: 1.440, Com: 0.035, Time: 0.037, Cons: 0.006, s/b: 1.469
Steps : 5410, Gen: 0.427, Disc: 0.002, Metric: 0.031, Mag: 0.008, Pha: 1.354, Com: 0.031, Time: 0.026, Cons: 0.005, s/b: 1.470
Steps : 5420, Gen: 0.342, Disc: 0.003, Metric: 0.002, Mag: 0.007, Pha: 1.069, Com: 0.030, Time: 0.035, Cons: 0.005, s/b: 1.470
Steps : 5430, Gen: 0.410, Disc: 0.000, Metric: 0.013, Mag: 0.007, Pha: 1.297, Com: 0.033, Time: 0.031, Cons: 0.005, s/b: 1.466
Steps : 5440, Gen: 0.492, Disc: 0.000, Metric: 0.054, Mag: 0.008, Pha: 1.553, Com: 0.038, Time: 0.034, Cons: 0.005, s/b: 1.466
Steps : 5450, Gen: 0.426, Disc: 0.000, Metric: 0.007, Mag: 0.008, Pha: 1.349, Com: 0.030, Time: 0.033, Cons: 0.005, s/b: 1.469
Steps : 5460, Gen: 0.439, Disc: 0.000, Metric: 0.006, Mag: 0.009, Pha: 1.380, Com: 0.041, Time: 0.040, Cons: 0.006, s/b: 1.468
Steps : 5470, Gen: 0.397, Disc: 0.000, Metric: 0.011, Mag: 0.006, Pha: 1.268, Com: 0.024, Time: 0.027, Cons: 0.004, s/b: 1.468
Steps : 5480, Gen: 0.421, Disc: 0.000, Metric: 0.001, Mag: 0.007, Pha: 1.337, Com: 0.032, Time: 0.029, Cons: 0.005, s/b: 1.466
Steps : 5490, Gen: 0.464, Disc: 0.010, Metric: 0.055, Mag: 0.010, Pha: 1.453, Com: 0.043, Time: 0.035, Cons: 0.006, s/b: 1.469
Steps : 5500, Gen: 0.415, Disc: 0.002, Metric: 0.003, Mag: 0.010, Pha: 1.306, Com: 0.037, Time: 0.031, Cons: 0.005, s/b: 1.463
Saving checkpoint to results/dualmic_sim2/g_00005500.pth
Complete.
Saving checkpoint to results/dualmic_sim2/do_00005500.pth
Complete.
valid: PESQ 3.888, Mag 0.0067, Pha 1.2923. Best PESQ 4.060 at step 4500
Error computing PESQ score: b'No utterances detected'
Error computing PESQ score: b'No utterances detected'
Error computing PESQ score: b'No utterances detected'
Steps : 5510, Gen: 0.426, Disc: 0.000, Metric: 0.003, Mag: 0.008, Pha: 1.350, Com: 0.033, Time: 0.032, Cons: 0.005, s/b: 1.459
Steps : 5520, Gen: 0.379, Disc: 0.000, Metric: 0.004, Mag: 0.007, Pha: 1.196, Com: 0.028, Time: 0.037, Cons: 0.005, s/b: 1.467
Steps : 5530, Gen: 0.460, Disc: 0.000, Metric: 0.018, Mag: 0.008, Pha: 1.464, Com: 0.037, Time: 0.025, Cons: 0.005, s/b: 1.465
Steps : 5540, Gen: 0.419, Disc: 0.000, Metric: 0.006, Mag: 0.007, Pha: 1.332, Com: 0.032, Time: 0.027, Cons: 0.005, s/b: 1.467
Steps : 5550, Gen: 0.423, Disc: 0.000, Metric: 0.011, Mag: 0.008, Pha: 1.335, Com: 0.035, Time: 0.031, Cons: 0.005, s/b: 1.467
Steps : 5560, Gen: 0.444, Disc: 0.000, Metric: 0.032, Mag: 0.006, Pha: 1.417, Com: 0.030, Time: 0.024, Cons: 0.004, s/b: 1.466
Steps : 5570, Gen: 0.427, Disc: 0.001, Metric: 0.007, Mag: 0.006, Pha: 1.362, Com: 0.029, Time: 0.030, Cons: 0.004, s/b: 1.469
Steps : 5580, Gen: 0.388, Disc: 0.001, Metric: 0.001, Mag: 0.007, Pha: 1.223, Com: 0.033, Time: 0.037, Cons: 0.005, s/b: 1.470
Steps : 5590, Gen: 0.446, Disc: 0.000, Metric: 0.006, Mag: 0.007, Pha: 1.416, Com: 0.033, Time: 0.033, Cons: 0.005, s/b: 1.453
Steps : 5600, Gen: 0.403, Disc: 0.000, Metric: 0.021, Mag: 0.008, Pha: 1.271, Com: 0.037, Time: 0.027, Cons: 0.005, s/b: 1.466
Steps : 5610, Gen: 0.394, Disc: 0.000, Metric: 0.003, Mag: 0.008, Pha: 1.240, Com: 0.037, Time: 0.031, Cons: 0.005, s/b: 1.468
Steps : 5620, Gen: 0.391, Disc: 0.011, Metric: 0.026, Mag: 0.007, Pha: 1.234, Com: 0.029, Time: 0.028, Cons: 0.005, s/b: 1.468
Steps : 5630, Gen: 0.430, Disc: 0.001, Metric: 0.003, Mag: 0.009, Pha: 1.349, Com: 0.042, Time: 0.036, Cons: 0.006, s/b: 1.469
Steps : 5640, Gen: 0.398, Disc: 0.000, Metric: 0.019, Mag: 0.006, Pha: 1.264, Com: 0.028, Time: 0.028, Cons: 0.005, s/b: 1.477
Steps : 5650, Gen: 0.429, Disc: 0.000, Metric: 0.040, Mag: 0.008, Pha: 1.348, Com: 0.035, Time: 0.036, Cons: 0.005, s/b: 1.466
Steps : 5660, Gen: 0.409, Disc: 0.000, Metric: 0.006, Mag: 0.007, Pha: 1.295, Com: 0.036, Time: 0.027, Cons: 0.005, s/b: 1.467
Steps : 5670, Gen: 0.394, Disc: 0.000, Metric: 0.001, Mag: 0.007, Pha: 1.243, Com: 0.033, Time: 0.035, Cons: 0.005, s/b: 1.459
Steps : 5680, Gen: 0.314, Disc: 0.000, Metric: 0.003, Mag: 0.005, Pha: 0.998, Com: 0.019, Time: 0.026, Cons: 0.004, s/b: 1.465
Steps : 5690, Gen: 0.405, Disc: 0.000, Metric: 0.007, Mag: 0.007, Pha: 1.283, Com: 0.034, Time: 0.026, Cons: 0.005, s/b: 1.469
Steps : 5700, Gen: 0.425, Disc: 0.003, Metric: 0.016, Mag: 0.007, Pha: 1.354, Com: 0.032, Time: 0.024, Cons: 0.005, s/b: 1.469
Steps : 5710, Gen: 0.397, Disc: 0.000, Metric: 0.039, Mag: 0.007, Pha: 1.251, Com: 0.027, Time: 0.038, Cons: 0.005, s/b: 1.468
Steps : 5720, Gen: 0.372, Disc: 0.027, Metric: 0.000, Mag: 0.008, Pha: 1.169, Com: 0.032, Time: 0.034, Cons: 0.005, s/b: 1.471
Steps : 5730, Gen: 0.446, Disc: 0.000, Metric: 0.039, Mag: 0.006, Pha: 1.427, Com: 0.027, Time: 0.021, Cons: 0.004, s/b: 1.468
Steps : 5740, Gen: 0.393, Disc: 0.000, Metric: 0.002, Mag: 0.006, Pha: 1.250, Com: 0.027, Time: 0.029, Cons: 0.005, s/b: 1.468
Steps : 5750, Gen: 0.415, Disc: 0.000, Metric: 0.008, Mag: 0.006, Pha: 1.322, Com: 0.029, Time: 0.026, Cons: 0.005, s/b: 1.467
Steps : 5760, Gen: 0.365, Disc: 0.034, Metric: 0.000, Mag: 0.007, Pha: 1.151, Com: 0.029, Time: 0.037, Cons: 0.005, s/b: 1.470
Steps : 5770, Gen: 0.424, Disc: 0.000, Metric: 0.002, Mag: 0.008, Pha: 1.341, Com: 0.037, Time: 0.029, Cons: 0.006, s/b: 1.467
Steps : 5780, Gen: 0.437, Disc: 0.000, Metric: 0.022, Mag: 0.008, Pha: 1.391, Com: 0.035, Time: 0.019, Cons: 0.004, s/b: 1.468
Steps : 5790, Gen: 0.370, Disc: 0.000, Metric: 0.001, Mag: 0.006, Pha: 1.177, Com: 0.026, Time: 0.028, Cons: 0.004, s/b: 1.469
Steps : 5800, Gen: 0.394, Disc: 0.001, Metric: 0.001, Mag: 0.006, Pha: 1.247, Com: 0.031, Time: 0.034, Cons: 0.005, s/b: 1.467
Steps : 5810, Gen: 0.519, Disc: 0.000, Metric: 0.057, Mag: 0.012, Pha: 1.635, Com: 0.044, Time: 0.027, Cons: 0.005, s/b: 1.466
Steps : 5820, Gen: 0.392, Disc: 0.001, Metric: 0.010, Mag: 0.009, Pha: 1.227, Com: 0.033, Time: 0.038, Cons: 0.005, s/b: 1.469
Steps : 5830, Gen: 0.414, Disc: 0.003, Metric: 0.008, Mag: 0.007, Pha: 1.314, Com: 0.028, Time: 0.033, Cons: 0.005, s/b: 1.468
Steps : 5840, Gen: 0.441, Disc: 0.000, Metric: 0.013, Mag: 0.009, Pha: 1.385, Com: 0.038, Time: 0.036, Cons: 0.005, s/b: 1.467
Steps : 5850, Gen: 0.417, Disc: 0.000, Metric: 0.006, Mag: 0.008, Pha: 1.318, Com: 0.032, Time: 0.032, Cons: 0.005, s/b: 1.467
Steps : 5860, Gen: 0.410, Disc: 0.000, Metric: 0.004, Mag: 0.007, Pha: 1.296, Com: 0.030, Time: 0.037, Cons: 0.005, s/b: 1.459
Steps : 5870, Gen: 0.396, Disc: 0.005, Metric: 0.020, Mag: 0.007, Pha: 1.251, Com: 0.033, Time: 0.029, Cons: 0.005, s/b: 1.470
Steps : 5880, Gen: 0.380, Disc: 0.002, Metric: 0.002, Mag: 0.008, Pha: 1.195, Com: 0.033, Time: 0.031, Cons: 0.005, s/b: 1.471
Steps : 5890, Gen: 0.499, Disc: 0.000, Metric: 0.043, Mag: 0.009, Pha: 1.580, Com: 0.044, Time: 0.028, Cons: 0.005, s/b: 1.470
Steps : 5900, Gen: 0.410, Disc: 0.000, Metric: 0.006, Mag: 0.006, Pha: 1.309, Com: 0.027, Time: 0.026, Cons: 0.004, s/b: 1.445
Steps : 5910, Gen: 0.400, Disc: 0.005, Metric: 0.015, Mag: 0.008, Pha: 1.261, Com: 0.033, Time: 0.032, Cons: 0.006, s/b: 1.464
Steps : 5920, Gen: 0.411, Disc: 0.000, Metric: 0.001, Mag: 0.007, Pha: 1.296, Com: 0.035, Time: 0.037, Cons: 0.005, s/b: 1.467
Steps : 5930, Gen: 0.335, Disc: 0.001, Metric: 0.001, Mag: 0.007, Pha: 1.056, Com: 0.026, Time: 0.032, Cons: 0.005, s/b: 1.469
Steps : 5940, Gen: 0.450, Disc: 0.000, Metric: 0.020, Mag: 0.005, Pha: 1.446, Com: 0.027, Time: 0.021, Cons: 0.004, s/b: 1.468
Steps : 5950, Gen: 0.400, Disc: 0.000, Metric: 0.009, Mag: 0.006, Pha: 1.278, Com: 0.028, Time: 0.025, Cons: 0.004, s/b: 1.466
Steps : 5960, Gen: 0.436, Disc: 0.000, Metric: 0.001, Mag: 0.007, Pha: 1.385, Com: 0.033, Time: 0.032, Cons: 0.005, s/b: 1.465
Steps : 5970, Gen: 0.398, Disc: 0.000, Metric: 0.024, Mag: 0.006, Pha: 1.264, Com: 0.028, Time: 0.026, Cons: 0.004, s/b: 1.466
Steps : 5980, Gen: 0.379, Disc: 0.000, Metric: 0.007, Mag: 0.007, Pha: 1.197, Com: 0.029, Time: 0.033, Cons: 0.005, s/b: 1.468
Steps : 5990, Gen: 0.414, Disc: 0.001, Metric: 0.004, Mag: 0.007, Pha: 1.309, Com: 0.033, Time: 0.036, Cons: 0.006, s/b: 1.470
Steps : 6000, Gen: 0.373, Disc: 0.000, Metric: 0.006, Mag: 0.006, Pha: 1.187, Com: 0.027, Time: 0.027, Cons: 0.005, s/b: 1.467
Saving checkpoint to results/dualmic_sim2/g_00006000.pth
Complete.
Saving checkpoint to results/dualmic_sim2/do_00006000.pth
Complete.
valid: PESQ 4.157, Mag 0.0066, Pha 1.2966. Best PESQ 4.157 at step 6000
Error computing PESQ score: b'No utterances detected'
Steps : 6010, Gen: 0.401, Disc: 0.000, Metric: 0.006, Mag: 0.007, Pha: 1.268, Com: 0.033, Time: 0.031, Cons: 0.005, s/b: 1.466
Steps : 6020, Gen: 0.402, Disc: 0.000, Metric: 0.002, Mag: 0.006, Pha: 1.285, Com: 0.027, Time: 0.027, Cons: 0.004, s/b: 1.467
Steps : 6030, Gen: 0.470, Disc: 0.000, Metric: 0.022, Mag: 0.007, Pha: 1.500, Com: 0.033, Time: 0.028, Cons: 0.005, s/b: 1.467
Steps : 6040, Gen: 0.406, Disc: 0.008, Metric: 0.009, Mag: 0.007, Pha: 1.280, Com: 0.038, Time: 0.030, Cons: 0.005, s/b: 1.475
Steps : 6050, Gen: 0.457, Disc: 0.040, Metric: 0.048, Mag: 0.006, Pha: 1.459, Com: 0.031, Time: 0.022, Cons: 0.004, s/b: 1.469
Steps : 6060, Gen: 0.372, Disc: 0.025, Metric: 0.006, Mag: 0.006, Pha: 1.181, Com: 0.026, Time: 0.027, Cons: 0.005, s/b: 1.464
Steps : 6070, Gen: 0.408, Disc: 0.000, Metric: 0.007, Mag: 0.007, Pha: 1.289, Com: 0.032, Time: 0.032, Cons: 0.005, s/b: 1.468
Steps : 6080, Gen: 0.395, Disc: 0.000, Metric: 0.014, Mag: 0.005, Pha: 1.259, Com: 0.025, Time: 0.029, Cons: 0.004, s/b: 1.469
Steps : 6090, Gen: 0.368, Disc: 0.048, Metric: 0.008, Mag: 0.005, Pha: 1.177, Com: 0.022, Time: 0.025, Cons: 0.004, s/b: 1.468
Steps : 6100, Gen: 0.437, Disc: 0.002, Metric: 0.004, Mag: 0.007, Pha: 1.388, Com: 0.033, Time: 0.029, Cons: 0.005, s/b: 1.469
Steps : 6110, Gen: 0.404, Disc: 0.000, Metric: 0.006, Mag: 0.007, Pha: 1.282, Com: 0.031, Time: 0.030, Cons: 0.005, s/b: 1.467
Steps : 6120, Gen: 0.410, Disc: 0.005, Metric: 0.010, Mag: 0.007, Pha: 1.299, Com: 0.033, Time: 0.030, Cons: 0.005, s/b: 1.470
Steps : 6130, Gen: 0.363, Disc: 0.023, Metric: 0.000, Mag: 0.007, Pha: 1.139, Com: 0.034, Time: 0.036, Cons: 0.005, s/b: 1.469
Steps : 6140, Gen: 0.407, Disc: 0.051, Metric: 0.002, Mag: 0.009, Pha: 1.271, Com: 0.043, Time: 0.038, Cons: 0.006, s/b: 1.487
Steps : 6150, Gen: 0.413, Disc: 0.000, Metric: 0.003, Mag: 0.008, Pha: 1.305, Com: 0.034, Time: 0.033, Cons: 0.005, s/b: 1.467
Steps : 6160, Gen: 0.389, Disc: 0.000, Metric: 0.003, Mag: 0.009, Pha: 1.222, Com: 0.034, Time: 0.032, Cons: 0.005, s/b: 1.463
Steps : 6170, Gen: 0.480, Disc: 0.019, Metric: 0.006, Mag: 0.018, Pha: 1.485, Com: 0.044, Time: 0.041, Cons: 0.006, s/b: 1.450
Steps : 6180, Gen: 0.389, Disc: 0.002, Metric: 0.005, Mag: 0.008, Pha: 1.224, Com: 0.031, Time: 0.035, Cons: 0.005, s/b: 1.446
Steps : 6190, Gen: 0.429, Disc: 0.000, Metric: 0.011, Mag: 0.007, Pha: 1.363, Com: 0.030, Time: 0.030, Cons: 0.005, s/b: 1.444
Steps : 6200, Gen: 0.431, Disc: 0.002, Metric: 0.004, Mag: 0.011, Pha: 1.349, Com: 0.044, Time: 0.034, Cons: 0.006, s/b: 1.447
Steps : 6210, Gen: 0.428, Disc: 0.000, Metric: 0.003, Mag: 0.007, Pha: 1.363, Com: 0.032, Time: 0.028, Cons: 0.005, s/b: 1.446
Steps : 6220, Gen: 0.382, Disc: 0.003, Metric: 0.004, Mag: 0.005, Pha: 1.219, Com: 0.025, Time: 0.029, Cons: 0.004, s/b: 1.445
Steps : 6230, Gen: 0.430, Disc: 0.006, Metric: 0.003, Mag: 0.009, Pha: 1.355, Com: 0.041, Time: 0.032, Cons: 0.005, s/b: 1.449
Steps : 6240, Gen: 0.419, Disc: 0.000, Metric: 0.007, Mag: 0.009, Pha: 1.309, Com: 0.044, Time: 0.039, Cons: 0.006, s/b: 1.447
Steps : 6250, Gen: 0.389, Disc: 0.000, Metric: 0.015, Mag: 0.007, Pha: 1.231, Com: 0.029, Time: 0.029, Cons: 0.004, s/b: 1.446
Steps : 6260, Gen: 0.431, Disc: 0.000, Metric: 0.008, Mag: 0.007, Pha: 1.370, Com: 0.034, Time: 0.028, Cons: 0.005, s/b: 1.447
Steps : 6270, Gen: 0.362, Disc: 0.000, Metric: 0.000, Mag: 0.006, Pha: 1.148, Com: 0.028, Time: 0.029, Cons: 0.004, s/b: 1.454
Steps : 6280, Gen: 0.338, Disc: 0.001, Metric: 0.003, Mag: 0.007, Pha: 1.059, Com: 0.033, Time: 0.034, Cons: 0.005, s/b: 1.448
Steps : 6290, Gen: 0.450, Disc: 0.000, Metric: 0.001, Mag: 0.008, Pha: 1.423, Com: 0.039, Time: 0.032, Cons: 0.006, s/b: 1.445
Steps : 6300, Gen: 0.427, Disc: 0.013, Metric: 0.002, Mag: 0.007, Pha: 1.358, Com: 0.032, Time: 0.028, Cons: 0.005, s/b: 1.446
Steps : 6310, Gen: 0.425, Disc: 0.000, Metric: 0.001, Mag: 0.008, Pha: 1.340, Com: 0.035, Time: 0.035, Cons: 0.005, s/b: 1.445
Steps : 6320, Gen: 0.430, Disc: 0.000, Metric: 0.004, Mag: 0.007, Pha: 1.363, Com: 0.035, Time: 0.028, Cons: 0.005, s/b: 1.445
Steps : 6330, Gen: 0.432, Disc: 0.000, Metric: 0.002, Mag: 0.007, Pha: 1.373, Com: 0.033, Time: 0.032, Cons: 0.005, s/b: 1.468
Steps : 6340, Gen: 0.353, Disc: 0.000, Metric: 0.001, Mag: 0.006, Pha: 1.123, Com: 0.023, Time: 0.025, Cons: 0.004, s/b: 1.468
Steps : 6350, Gen: 0.402, Disc: 0.000, Metric: 0.007, Mag: 0.006, Pha: 1.281, Com: 0.030, Time: 0.025, Cons: 0.004, s/b: 1.450
Time taken for epoch 6 is 1563 sec

Epoch: 7
Steps : 6360, Gen: 0.436, Disc: 0.000, Metric: 0.011, Mag: 0.006, Pha: 1.391, Com: 0.029, Time: 0.029, Cons: 0.005, s/b: 1.461
Steps : 6370, Gen: 0.449, Disc: 0.000, Metric: 0.013, Mag: 0.010, Pha: 1.411, Com: 0.043, Time: 0.033, Cons: 0.005, s/b: 1.448
Steps : 6380, Gen: 0.431, Disc: 0.005, Metric: 0.041, Mag: 0.009, Pha: 1.352, Com: 0.039, Time: 0.034, Cons: 0.005, s/b: 1.468
Steps : 6390, Gen: 0.411, Disc: 0.000, Metric: 0.026, Mag: 0.007, Pha: 1.303, Com: 0.031, Time: 0.027, Cons: 0.005, s/b: 1.467
Steps : 6400, Gen: 0.413, Disc: 0.001, Metric: 0.003, Mag: 0.008, Pha: 1.301, Com: 0.036, Time: 0.034, Cons: 0.006, s/b: 1.471
Steps : 6410, Gen: 0.467, Disc: 0.000, Metric: 0.004, Mag: 0.006, Pha: 1.499, Com: 0.031, Time: 0.024, Cons: 0.004, s/b: 1.467
Steps : 6420, Gen: 0.385, Disc: 0.057, Metric: 0.001, Mag: 0.008, Pha: 1.204, Com: 0.036, Time: 0.039, Cons: 0.006, s/b: 1.470
Steps : 6430, Gen: 0.425, Disc: 0.000, Metric: 0.013, Mag: 0.006, Pha: 1.354, Com: 0.029, Time: 0.027, Cons: 0.005, s/b: 1.469
Steps : 6440, Gen: 0.387, Disc: 0.000, Metric: 0.001, Mag: 0.007, Pha: 1.231, Com: 0.028, Time: 0.027, Cons: 0.005, s/b: 1.461
Steps : 6450, Gen: 0.383, Disc: 0.000, Metric: 0.008, Mag: 0.006, Pha: 1.221, Com: 0.025, Time: 0.025, Cons: 0.004, s/b: 1.469
Steps : 6460, Gen: 0.383, Disc: 0.000, Metric: 0.038, Mag: 0.006, Pha: 1.214, Com: 0.027, Time: 0.026, Cons: 0.004, s/b: 1.465
Steps : 6470, Gen: 0.479, Disc: 0.000, Metric: 0.050, Mag: 0.007, Pha: 1.530, Com: 0.032, Time: 0.023, Cons: 0.005, s/b: 1.470
Steps : 6480, Gen: 0.420, Disc: 0.000, Metric: 0.008, Mag: 0.007, Pha: 1.331, Com: 0.033, Time: 0.031, Cons: 0.005, s/b: 1.469
Steps : 6490, Gen: 0.378, Disc: 0.007, Metric: 0.006, Mag: 0.007, Pha: 1.190, Com: 0.032, Time: 0.034, Cons: 0.005, s/b: 1.469
Steps : 6500, Gen: 0.397, Disc: 0.000, Metric: 0.007, Mag: 0.007, Pha: 1.252, Com: 0.037, Time: 0.031, Cons: 0.005, s/b: 1.468
Saving checkpoint to results/dualmic_sim2/g_00006500.pth
Complete.
Saving checkpoint to results/dualmic_sim2/do_00006500.pth
Complete.
valid: PESQ 3.822, Mag 0.0064, Pha 1.2387. Best PESQ 4.157 at step 6000
Error computing PESQ score: b'No utterances detected'
Error computing PESQ score: b'No utterances detected'
Error computing PESQ score: b'No utterances detected'
Steps : 6510, Gen: 0.350, Disc: 0.000, Metric: 0.002, Mag: 0.007, Pha: 1.107, Com: 0.029, Time: 0.027, Cons: 0.005, s/b: 1.459
Steps : 6520, Gen: 0.433, Disc: 0.000, Metric: 0.003, Mag: 0.008, Pha: 1.373, Com: 0.036, Time: 0.031, Cons: 0.005, s/b: 1.467
Steps : 6530, Gen: 0.422, Disc: 0.000, Metric: 0.005, Mag: 0.008, Pha: 1.326, Com: 0.042, Time: 0.033, Cons: 0.005, s/b: 1.469
Steps : 6540, Gen: 0.421, Disc: 0.000, Metric: 0.003, Mag: 0.007, Pha: 1.336, Com: 0.035, Time: 0.028, Cons: 0.005, s/b: 1.458
Steps : 6550, Gen: 0.461, Disc: 0.000, Metric: 0.013, Mag: 0.007, Pha: 1.467, Com: 0.038, Time: 0.025, Cons: 0.005, s/b: 1.464
Steps : 6560, Gen: 0.371, Disc: 0.008, Metric: 0.075, Mag: 0.007, Pha: 1.160, Com: 0.028, Time: 0.030, Cons: 0.005, s/b: 1.470
Steps : 6570, Gen: 0.406, Disc: 0.000, Metric: 0.002, Mag: 0.006, Pha: 1.290, Com: 0.030, Time: 0.031, Cons: 0.005, s/b: 1.468
Steps : 6580, Gen: 0.339, Disc: 0.000, Metric: 0.003, Mag: 0.006, Pha: 1.078, Com: 0.021, Time: 0.029, Cons: 0.004, s/b: 1.469
Steps : 6590, Gen: 0.448, Disc: 0.000, Metric: 0.012, Mag: 0.006, Pha: 1.434, Com: 0.030, Time: 0.024, Cons: 0.004, s/b: 1.470
Steps : 6600, Gen: 0.438, Disc: 0.000, Metric: 0.015, Mag: 0.007, Pha: 1.397, Com: 0.031, Time: 0.024, Cons: 0.004, s/b: 1.466
Steps : 6610, Gen: 0.480, Disc: 0.000, Metric: 0.012, Mag: 0.007, Pha: 1.538, Com: 0.033, Time: 0.023, Cons: 0.004, s/b: 1.465
Steps : 6620, Gen: 0.405, Disc: 0.003, Metric: 0.007, Mag: 0.007, Pha: 1.279, Com: 0.035, Time: 0.032, Cons: 0.005, s/b: 1.472
Steps : 6630, Gen: 0.442, Disc: 0.000, Metric: 0.064, Mag: 0.017, Pha: 1.346, Com: 0.049, Time: 0.045, Cons: 0.008, s/b: 1.482
Steps : 6640, Gen: 0.492, Disc: 0.000, Metric: 0.033, Mag: 0.014, Pha: 1.534, Com: 0.042, Time: 0.042, Cons: 0.007, s/b: 1.468
Steps : 6650, Gen: 0.444, Disc: 0.000, Metric: 0.010, Mag: 0.010, Pha: 1.390, Com: 0.040, Time: 0.042, Cons: 0.007, s/b: 1.468
Steps : 6660, Gen: 0.444, Disc: 0.010, Metric: 0.018, Mag: 0.008, Pha: 1.398, Com: 0.036, Time: 0.039, Cons: 0.007, s/b: 1.471
Steps : 6670, Gen: 0.515, Disc: 0.019, Metric: 0.029, Mag: 0.018, Pha: 1.557, Com: 0.055, Time: 0.083, Cons: 0.015, s/b: 1.470
Steps : 6680, Gen: 0.479, Disc: 0.046, Metric: 0.120, Mag: 0.016, Pha: 1.448, Com: 0.041, Time: 0.066, Cons: 0.017, s/b: 1.469
Steps : 6690, Gen: 0.500, Disc: 0.000, Metric: 0.085, Mag: 0.017, Pha: 1.505, Com: 0.042, Time: 0.085, Cons: 0.017, s/b: 1.467
Steps : 6700, Gen: 0.470, Disc: 0.011, Metric: 0.033, Mag: 0.015, Pha: 1.418, Com: 0.041, Time: 0.087, Cons: 0.018, s/b: 1.469
Steps : 6710, Gen: 0.526, Disc: 0.013, Metric: 0.095, Mag: 0.015, Pha: 1.607, Com: 0.042, Time: 0.070, Cons: 0.015, s/b: 1.469
Steps : 6720, Gen: 0.539, Disc: 0.000, Metric: 0.085, Mag: 0.012, Pha: 1.674, Com: 0.038, Time: 0.057, Cons: 0.014, s/b: 1.469
Steps : 6730, Gen: 0.410, Disc: 0.000, Metric: 0.018, Mag: 0.013, Pha: 1.240, Com: 0.035, Time: 0.074, Cons: 0.016, s/b: 1.467
Steps : 6740, Gen: 0.442, Disc: 0.000, Metric: 0.030, Mag: 0.013, Pha: 1.350, Com: 0.038, Time: 0.065, Cons: 0.014, s/b: 1.468
Steps : 6750, Gen: 0.491, Disc: 0.000, Metric: 0.031, Mag: 0.013, Pha: 1.510, Com: 0.041, Time: 0.065, Cons: 0.014, s/b: 1.466
Steps : 6760, Gen: 0.510, Disc: 0.000, Metric: 0.043, Mag: 0.015, Pha: 1.561, Com: 0.053, Time: 0.063, Cons: 0.014, s/b: 1.466
Steps : 6770, Gen: 0.505, Disc: 0.000, Metric: 0.080, Mag: 0.013, Pha: 1.557, Com: 0.041, Time: 0.056, Cons: 0.014, s/b: 1.467
Steps : 6780, Gen: 0.491, Disc: 0.000, Metric: 0.036, Mag: 0.014, Pha: 1.512, Com: 0.044, Time: 0.058, Cons: 0.015, s/b: 1.467
Steps : 6790, Gen: 0.458, Disc: 0.000, Metric: 0.054, Mag: 0.011, Pha: 1.421, Com: 0.035, Time: 0.047, Cons: 0.012, s/b: 1.466
Steps : 6800, Gen: 0.408, Disc: 0.000, Metric: 0.025, Mag: 0.010, Pha: 1.259, Com: 0.031, Time: 0.057, Cons: 0.012, s/b: 1.466
Steps : 6810, Gen: 0.416, Disc: 0.000, Metric: 0.011, Mag: 0.010, Pha: 1.297, Com: 0.032, Time: 0.043, Cons: 0.010, s/b: 1.466
Steps : 6820, Gen: 0.467, Disc: 0.000, Metric: 0.037, Mag: 0.010, Pha: 1.460, Com: 0.037, Time: 0.040, Cons: 0.011, s/b: 1.471
Steps : 6830, Gen: 0.471, Disc: 0.000, Metric: 0.009, Mag: 0.010, Pha: 1.466, Com: 0.040, Time: 0.054, Cons: 0.011, s/b: 1.466
Steps : 6840, Gen: 0.412, Disc: 0.000, Metric: 0.004, Mag: 0.011, Pha: 1.268, Com: 0.043, Time: 0.053, Cons: 0.011, s/b: 1.467
Steps : 6850, Gen: 0.444, Disc: 0.049, Metric: 0.068, Mag: 0.009, Pha: 1.381, Com: 0.034, Time: 0.043, Cons: 0.011, s/b: 1.461
Steps : 6860, Gen: 0.470, Disc: 0.000, Metric: 0.033, Mag: 0.011, Pha: 1.463, Com: 0.040, Time: 0.047, Cons: 0.011, s/b: 1.466
Steps : 6870, Gen: 0.494, Disc: 0.000, Metric: 0.007, Mag: 0.010, Pha: 1.551, Com: 0.040, Time: 0.045, Cons: 0.010, s/b: 1.447
Steps : 6880, Gen: 0.455, Disc: 0.000, Metric: 0.013, Mag: 0.011, Pha: 1.404, Com: 0.042, Time: 0.061, Cons: 0.012, s/b: 1.458
Steps : 6890, Gen: 0.390, Disc: 0.019, Metric: 0.005, Mag: 0.009, Pha: 1.210, Com: 0.033, Time: 0.050, Cons: 0.011, s/b: 1.468
Steps : 6900, Gen: 0.488, Disc: 0.000, Metric: 0.013, Mag: 0.011, Pha: 1.520, Com: 0.045, Time: 0.052, Cons: 0.010, s/b: 1.467
Steps : 6910, Gen: 0.403, Disc: 0.000, Metric: 0.009, Mag: 0.009, Pha: 1.250, Com: 0.037, Time: 0.047, Cons: 0.009, s/b: 1.460
Steps : 6920, Gen: 0.411, Disc: 0.004, Metric: 0.018, Mag: 0.010, Pha: 1.276, Com: 0.038, Time: 0.046, Cons: 0.008, s/b: 1.469
Steps : 6930, Gen: 0.430, Disc: 0.000, Metric: 0.005, Mag: 0.009, Pha: 1.351, Com: 0.033, Time: 0.040, Cons: 0.008, s/b: 1.468
Steps : 6940, Gen: 0.448, Disc: 0.000, Metric: 0.021, Mag: 0.009, Pha: 1.419, Com: 0.031, Time: 0.031, Cons: 0.006, s/b: 1.467
Steps : 6950, Gen: 0.447, Disc: 0.000, Metric: 0.010, Mag: 0.008, Pha: 1.414, Com: 0.032, Time: 0.036, Cons: 0.008, s/b: 1.467
Steps : 6960, Gen: 0.461, Disc: 0.000, Metric: 0.047, Mag: 0.009, Pha: 1.455, Com: 0.032, Time: 0.032, Cons: 0.007, s/b: 1.466
Steps : 6970, Gen: 0.470, Disc: 0.000, Metric: 0.071, Mag: 0.009, Pha: 1.479, Com: 0.031, Time: 0.037, Cons: 0.007, s/b: 1.459
Steps : 6980, Gen: 0.436, Disc: 0.000, Metric: 0.027, Mag: 0.008, Pha: 1.378, Com: 0.032, Time: 0.033, Cons: 0.007, s/b: 1.459
Steps : 6990, Gen: 0.441, Disc: 0.039, Metric: 0.015, Mag: 0.008, Pha: 1.403, Com: 0.030, Time: 0.026, Cons: 0.006, s/b: 1.470
Steps : 7000, Gen: 0.428, Disc: 0.000, Metric: 0.014, Mag: 0.009, Pha: 1.356, Com: 0.030, Time: 0.030, Cons: 0.007, s/b: 1.467
Saving checkpoint to results/dualmic_sim2/g_00007000.pth
Complete.
Saving checkpoint to results/dualmic_sim2/do_00007000.pth
Complete.
valid: PESQ 3.178, Mag 0.0105, Pha 1.4225. Best PESQ 4.157 at step 6000
Error computing PESQ score: b'No utterances detected'
Error computing PESQ score: b'No utterances detected'
Error computing PESQ score: b'No utterances detected'
Error computing PESQ score: b'No utterances detected'
Error computing PESQ score: b'No utterances detected'
Error computing PESQ score: b'No utterances detected'
Error computing PESQ score: b'No utterances detected'
Steps : 7010, Gen: 0.430, Disc: 0.032, Metric: 0.067, Mag: 0.008, Pha: 1.349, Com: 0.032, Time: 0.032, Cons: 0.006, s/b: 1.469
Steps : 7020, Gen: 0.405, Disc: 0.000, Metric: 0.003, Mag: 0.011, Pha: 1.251, Com: 0.041, Time: 0.046, Cons: 0.008, s/b: 1.466
Steps : 7030, Gen: 0.374, Disc: 0.000, Metric: 0.002, Mag: 0.010, Pha: 1.158, Com: 0.038, Time: 0.045, Cons: 0.008, s/b: 1.466
Steps : 7040, Gen: 0.396, Disc: 0.000, Metric: 0.003, Mag: 0.009, Pha: 1.231, Com: 0.040, Time: 0.043, Cons: 0.008, s/b: 1.446
Steps : 7050, Gen: 0.428, Disc: 0.000, Metric: 0.013, Mag: 0.007, Pha: 1.356, Com: 0.034, Time: 0.030, Cons: 0.007, s/b: 1.444
Steps : 7060, Gen: 0.420, Disc: 0.000, Metric: 0.010, Mag: 0.009, Pha: 1.317, Com: 0.035, Time: 0.038, Cons: 0.007, s/b: 1.443
Steps : 7070, Gen: 0.399, Disc: 0.000, Metric: 0.006, Mag: 0.008, Pha: 1.255, Com: 0.033, Time: 0.035, Cons: 0.006, s/b: 1.449
Steps : 7080, Gen: 0.478, Disc: 0.000, Metric: 0.005, Mag: 0.008, Pha: 1.522, Com: 0.032, Time: 0.032, Cons: 0.006, s/b: 1.451
Steps : 7090, Gen: 0.382, Disc: 0.025, Metric: 0.013, Mag: 0.007, Pha: 1.208, Com: 0.029, Time: 0.027, Cons: 0.005, s/b: 1.453
Steps : 7100, Gen: 0.315, Disc: 0.003, Metric: 0.002, Mag: 0.008, Pha: 0.976, Com: 0.033, Time: 0.035, Cons: 0.006, s/b: 1.451
Steps : 7110, Gen: 0.404, Disc: 0.000, Metric: 0.025, Mag: 0.007, Pha: 1.280, Com: 0.030, Time: 0.028, Cons: 0.006, s/b: 1.448
Steps : 7120, Gen: 0.444, Disc: 0.005, Metric: 0.033, Mag: 0.007, Pha: 1.409, Com: 0.031, Time: 0.029, Cons: 0.005, s/b: 1.453
Steps : 7130, Gen: 0.383, Disc: 0.000, Metric: 0.008, Mag: 0.008, Pha: 1.210, Com: 0.030, Time: 0.030, Cons: 0.006, s/b: 1.451
Steps : 7140, Gen: 0.421, Disc: 0.001, Metric: 0.013, Mag: 0.009, Pha: 1.324, Com: 0.036, Time: 0.033, Cons: 0.006, s/b: 1.447
Steps : 7150, Gen: 0.419, Disc: 0.000, Metric: 0.020, Mag: 0.007, Pha: 1.331, Com: 0.029, Time: 0.027, Cons: 0.006, s/b: 1.449
Steps : 7160, Gen: 0.413, Disc: 0.000, Metric: 0.019, Mag: 0.008, Pha: 1.293, Com: 0.037, Time: 0.041, Cons: 0.006, s/b: 1.469
Steps : 7170, Gen: 0.403, Disc: 0.000, Metric: 0.002, Mag: 0.007, Pha: 1.280, Com: 0.030, Time: 0.031, Cons: 0.006, s/b: 1.468
Steps : 7180, Gen: 0.442, Disc: 0.000, Metric: 0.031, Mag: 0.007, Pha: 1.409, Com: 0.027, Time: 0.024, Cons: 0.005, s/b: 1.467
Steps : 7190, Gen: 0.404, Disc: 0.000, Metric: 0.015, Mag: 0.007, Pha: 1.285, Com: 0.026, Time: 0.028, Cons: 0.005, s/b: 1.459
Steps : 7200, Gen: 0.405, Disc: 0.013, Metric: 0.013, Mag: 0.007, Pha: 1.276, Com: 0.032, Time: 0.034, Cons: 0.006, s/b: 1.472
Steps : 7210, Gen: 0.388, Disc: 0.000, Metric: 0.010, Mag: 0.009, Pha: 1.218, Com: 0.030, Time: 0.036, Cons: 0.005, s/b: 1.460
Steps : 7220, Gen: 0.425, Disc: 0.000, Metric: 0.008, Mag: 0.007, Pha: 1.347, Com: 0.030, Time: 0.034, Cons: 0.006, s/b: 1.469
Steps : 7230, Gen: 0.338, Disc: 0.000, Metric: 0.006, Mag: 0.007, Pha: 1.060, Com: 0.027, Time: 0.034, Cons: 0.005, s/b: 1.471
Steps : 7240, Gen: 0.404, Disc: 0.003, Metric: 0.003, Mag: 0.006, Pha: 1.277, Com: 0.031, Time: 0.039, Cons: 0.005, s/b: 1.469
Steps : 7250, Gen: 0.414, Disc: 0.009, Metric: 0.008, Mag: 0.007, Pha: 1.309, Com: 0.033, Time: 0.036, Cons: 0.006, s/b: 1.470
Steps : 7260, Gen: 0.352, Disc: 0.051, Metric: 0.006, Mag: 0.007, Pha: 1.109, Com: 0.027, Time: 0.033, Cons: 0.005, s/b: 1.469
Steps : 7270, Gen: 0.413, Disc: 0.000, Metric: 0.006, Mag: 0.008, Pha: 1.306, Com: 0.032, Time: 0.029, Cons: 0.005, s/b: 1.449
Steps : 7280, Gen: 0.411, Disc: 0.000, Metric: 0.010, Mag: 0.009, Pha: 1.292, Com: 0.035, Time: 0.031, Cons: 0.006, s/b: 1.451
Steps : 7290, Gen: 0.372, Disc: 0.003, Metric: 0.006, Mag: 0.007, Pha: 1.170, Com: 0.028, Time: 0.040, Cons: 0.005, s/b: 1.449
Steps : 7300, Gen: 0.414, Disc: 0.008, Metric: 0.019, Mag: 0.006, Pha: 1.318, Com: 0.028, Time: 0.029, Cons: 0.005, s/b: 1.451
Steps : 7310, Gen: 0.437, Disc: 0.000, Metric: 0.022, Mag: 0.005, Pha: 1.401, Com: 0.025, Time: 0.024, Cons: 0.004, s/b: 1.446
Steps : 7320, Gen: 0.415, Disc: 0.000, Metric: 0.009, Mag: 0.007, Pha: 1.317, Com: 0.034, Time: 0.029, Cons: 0.005, s/b: 1.462
Steps : 7330, Gen: 0.414, Disc: 0.000, Metric: 0.009, Mag: 0.009, Pha: 1.307, Com: 0.034, Time: 0.029, Cons: 0.005, s/b: 1.468
Steps : 7340, Gen: 0.390, Disc: 0.000, Metric: 0.001, Mag: 0.007, Pha: 1.234, Com: 0.030, Time: 0.034, Cons: 0.005, s/b: 1.466
Steps : 7350, Gen: 0.410, Disc: 0.000, Metric: 0.002, Mag: 0.008, Pha: 1.286, Com: 0.038, Time: 0.040, Cons: 0.006, s/b: 1.461
Steps : 7360, Gen: 0.434, Disc: 0.000, Metric: 0.023, Mag: 0.007, Pha: 1.382, Com: 0.031, Time: 0.025, Cons: 0.005, s/b: 1.469
Steps : 7370, Gen: 0.417, Disc: 0.016, Metric: 0.005, Mag: 0.008, Pha: 1.320, Com: 0.035, Time: 0.027, Cons: 0.005, s/b: 1.468
Steps : 7380, Gen: 0.444, Disc: 0.000, Metric: 0.021, Mag: 0.007, Pha: 1.417, Com: 0.028, Time: 0.025, Cons: 0.005, s/b: 1.458
Steps : 7390, Gen: 0.439, Disc: 0.000, Metric: 0.014, Mag: 0.008, Pha: 1.388, Com: 0.037, Time: 0.031, Cons: 0.006, s/b: 1.467
Steps : 7400, Gen: 0.463, Disc: 0.000, Metric: 0.004, Mag: 0.007, Pha: 1.477, Com: 0.034, Time: 0.027, Cons: 0.005, s/b: 1.469
Steps : 7410, Gen: 0.415, Disc: 0.000, Metric: 0.002, Mag: 0.007, Pha: 1.316, Com: 0.031, Time: 0.033, Cons: 0.005, s/b: 1.467
Time taken for epoch 7 is 1563 sec

Epoch: 8
Steps : 7420, Gen: 0.382, Disc: 0.000, Metric: 0.007, Mag: 0.008, Pha: 1.200, Com: 0.032, Time: 0.033, Cons: 0.006, s/b: 1.446
Steps : 7430, Gen: 0.360, Disc: 0.036, Metric: 0.004, Mag: 0.006, Pha: 1.139, Com: 0.027, Time: 0.030, Cons: 0.005, s/b: 1.453
Steps : 7440, Gen: 0.389, Disc: 0.000, Metric: 0.004, Mag: 0.008, Pha: 1.223, Com: 0.035, Time: 0.033, Cons: 0.006, s/b: 1.447
Steps : 7450, Gen: 0.337, Disc: 0.002, Metric: 0.001, Mag: 0.008, Pha: 1.051, Com: 0.033, Time: 0.035, Cons: 0.005, s/b: 1.468
Steps : 7460, Gen: 0.422, Disc: 0.000, Metric: 0.002, Mag: 0.007, Pha: 1.337, Com: 0.035, Time: 0.033, Cons: 0.005, s/b: 1.467
Steps : 7470, Gen: 0.444, Disc: 0.000, Metric: 0.007, Mag: 0.007, Pha: 1.407, Com: 0.036, Time: 0.031, Cons: 0.005, s/b: 1.462
Steps : 7480, Gen: 0.379, Disc: 0.000, Metric: 0.002, Mag: 0.006, Pha: 1.207, Com: 0.027, Time: 0.027, Cons: 0.005, s/b: 1.467
Steps : 7490, Gen: 0.476, Disc: 0.000, Metric: 0.027, Mag: 0.007, Pha: 1.524, Com: 0.032, Time: 0.019, Cons: 0.005, s/b: 1.468
Steps : 7500, Gen: 0.400, Disc: 0.000, Metric: 0.007, Mag: 0.007, Pha: 1.273, Com: 0.030, Time: 0.025, Cons: 0.004, s/b: 1.467
Saving checkpoint to results/dualmic_sim2/g_00007500.pth
Complete.
Saving checkpoint to results/dualmic_sim2/do_00007500.pth
Complete.
valid: PESQ 3.999, Mag 0.0065, Pha 1.2983. Best PESQ 4.157 at step 6000
Error computing PESQ score: b'No utterances detected'
Error computing PESQ score: b'No utterances detected'
Steps : 7510, Gen: 0.414, Disc: 0.001, Metric: 0.001, Mag: 0.007, Pha: 1.311, Com: 0.033, Time: 0.036, Cons: 0.005, s/b: 1.450
Steps : 7520, Gen: 0.389, Disc: 0.000, Metric: 0.004, Mag: 0.006, Pha: 1.237, Com: 0.030, Time: 0.028, Cons: 0.005, s/b: 1.469
Steps : 7530, Gen: 0.366, Disc: 0.041, Metric: 0.017, Mag: 0.007, Pha: 1.154, Com: 0.031, Time: 0.028, Cons: 0.005, s/b: 1.469
Steps : 7540, Gen: 0.415, Disc: 0.005, Metric: 0.004, Mag: 0.007, Pha: 1.316, Com: 0.035, Time: 0.028, Cons: 0.005, s/b: 1.469
Steps : 7550, Gen: 0.408, Disc: 0.000, Metric: 0.004, Mag: 0.006, Pha: 1.302, Com: 0.029, Time: 0.026, Cons: 0.004, s/b: 1.467
Steps : 7560, Gen: 0.417, Disc: 0.000, Metric: 0.010, Mag: 0.008, Pha: 1.314, Com: 0.037, Time: 0.035, Cons: 0.006, s/b: 1.462
Steps : 7570, Gen: 0.390, Disc: 0.000, Metric: 0.003, Mag: 0.007, Pha: 1.229, Com: 0.034, Time: 0.032, Cons: 0.005, s/b: 1.485
Steps : 7580, Gen: 0.334, Disc: 0.000, Metric: 0.022, Mag: 0.006, Pha: 1.054, Com: 0.025, Time: 0.027, Cons: 0.004, s/b: 1.467
Steps : 7590, Gen: 0.383, Disc: 0.000, Metric: 0.004, Mag: 0.007, Pha: 1.208, Com: 0.031, Time: 0.035, Cons: 0.005, s/b: 1.468
Steps : 7600, Gen: 0.372, Disc: 0.002, Metric: 0.004, Mag: 0.007, Pha: 1.176, Com: 0.030, Time: 0.031, Cons: 0.005, s/b: 1.470
Steps : 7610, Gen: 0.368, Disc: 0.045, Metric: 0.001, Mag: 0.008, Pha: 1.156, Com: 0.033, Time: 0.034, Cons: 0.005, s/b: 1.470
Steps : 7620, Gen: 0.378, Disc: 0.063, Metric: 0.007, Mag: 0.006, Pha: 1.203, Com: 0.025, Time: 0.030, Cons: 0.004, s/b: 1.474
Steps : 7630, Gen: 0.411, Disc: 0.008, Metric: 0.015, Mag: 0.006, Pha: 1.308, Com: 0.029, Time: 0.029, Cons: 0.004, s/b: 1.461
Steps : 7640, Gen: 0.396, Disc: 0.004, Metric: 0.012, Mag: 0.006, Pha: 1.259, Com: 0.030, Time: 0.028, Cons: 0.004, s/b: 1.470
Steps : 7650, Gen: 0.397, Disc: 0.000, Metric: 0.001, Mag: 0.008, Pha: 1.249, Com: 0.040, Time: 0.030, Cons: 0.005, s/b: 1.468
Steps : 7660, Gen: 0.357, Disc: 0.000, Metric: 0.002, Mag: 0.007, Pha: 1.126, Com: 0.029, Time: 0.031, Cons: 0.005, s/b: 1.469
Steps : 7670, Gen: 0.391, Disc: 0.001, Metric: 0.010, Mag: 0.008, Pha: 1.231, Com: 0.035, Time: 0.030, Cons: 0.005, s/b: 1.471
Steps : 7680, Gen: 0.418, Disc: 0.000, Metric: 0.034, Mag: 0.006, Pha: 1.329, Com: 0.028, Time: 0.030, Cons: 0.004, s/b: 1.469
Steps : 7690, Gen: 0.377, Disc: 0.000, Metric: 0.002, Mag: 0.007, Pha: 1.192, Com: 0.031, Time: 0.030, Cons: 0.005, s/b: 1.469
Steps : 7700, Gen: 0.425, Disc: 0.000, Metric: 0.001, Mag: 0.006, Pha: 1.357, Com: 0.031, Time: 0.027, Cons: 0.004, s/b: 1.461
Steps : 7710, Gen: 0.364, Disc: 0.000, Metric: 0.003, Mag: 0.006, Pha: 1.152, Com: 0.029, Time: 0.029, Cons: 0.005, s/b: 1.466
Steps : 7720, Gen: 0.416, Disc: 0.000, Metric: 0.001, Mag: 0.007, Pha: 1.320, Com: 0.033, Time: 0.032, Cons: 0.005, s/b: 1.469
Steps : 7730, Gen: 0.380, Disc: 0.000, Metric: 0.003, Mag: 0.006, Pha: 1.202, Com: 0.029, Time: 0.035, Cons: 0.004, s/b: 1.468
Steps : 7740, Gen: 0.413, Disc: 0.000, Metric: 0.007, Mag: 0.007, Pha: 1.316, Com: 0.028, Time: 0.027, Cons: 0.005, s/b: 1.467
Steps : 7750, Gen: 0.387, Disc: 0.000, Metric: 0.001, Mag: 0.007, Pha: 1.221, Com: 0.032, Time: 0.036, Cons: 0.005, s/b: 1.468
Steps : 7760, Gen: 0.423, Disc: 0.000, Metric: 0.011, Mag: 0.008, Pha: 1.333, Com: 0.038, Time: 0.034, Cons: 0.005, s/b: 1.469
Steps : 7770, Gen: 0.381, Disc: 0.003, Metric: 0.006, Mag: 0.007, Pha: 1.204, Com: 0.031, Time: 0.031, Cons: 0.004, s/b: 1.471
Steps : 7780, Gen: 0.413, Disc: 0.000, Metric: 0.023, Mag: 0.006, Pha: 1.314, Com: 0.027, Time: 0.027, Cons: 0.005, s/b: 1.466
Steps : 7790, Gen: 0.412, Disc: 0.000, Metric: 0.003, Mag: 0.007, Pha: 1.316, Com: 0.028, Time: 0.025, Cons: 0.004, s/b: 1.468
Steps : 7800, Gen: 0.379, Disc: 0.000, Metric: 0.001, Mag: 0.006, Pha: 1.205, Com: 0.028, Time: 0.028, Cons: 0.005, s/b: 1.468
Steps : 7810, Gen: 0.414, Disc: 0.000, Metric: 0.008, Mag: 0.005, Pha: 1.328, Com: 0.027, Time: 0.022, Cons: 0.004, s/b: 1.472
Steps : 7820, Gen: 0.470, Disc: 0.000, Metric: 0.011, Mag: 0.006, Pha: 1.507, Com: 0.032, Time: 0.023, Cons: 0.005, s/b: 1.471
Steps : 7830, Gen: 0.400, Disc: 0.000, Metric: 0.002, Mag: 0.007, Pha: 1.262, Com: 0.032, Time: 0.037, Cons: 0.005, s/b: 1.472
Steps : 7840, Gen: 0.382, Disc: 0.000, Metric: 0.004, Mag: 0.006, Pha: 1.214, Com: 0.027, Time: 0.030, Cons: 0.004, s/b: 1.469
Steps : 7850, Gen: 0.420, Disc: 0.033, Metric: 0.006, Mag: 0.005, Pha: 1.346, Com: 0.027, Time: 0.026, Cons: 0.004, s/b: 1.470
Steps : 7860, Gen: 0.355, Disc: 0.000, Metric: 0.002, Mag: 0.006, Pha: 1.129, Com: 0.025, Time: 0.023, Cons: 0.004, s/b: 1.468
Steps : 7870, Gen: 0.428, Disc: 0.000, Metric: 0.012, Mag: 0.007, Pha: 1.356, Com: 0.034, Time: 0.030, Cons: 0.005, s/b: 1.467
Steps : 7880, Gen: 0.408, Disc: 0.006, Metric: 0.010, Mag: 0.008, Pha: 1.293, Com: 0.035, Time: 0.025, Cons: 0.005, s/b: 1.472
Steps : 7890, Gen: 0.379, Disc: 0.000, Metric: 0.007, Mag: 0.008, Pha: 1.197, Com: 0.031, Time: 0.029, Cons: 0.005, s/b: 1.468
Steps : 7900, Gen: 0.410, Disc: 0.027, Metric: 0.006, Mag: 0.008, Pha: 1.293, Com: 0.034, Time: 0.034, Cons: 0.005, s/b: 1.472
Steps : 7910, Gen: 0.412, Disc: 0.000, Metric: 0.004, Mag: 0.007, Pha: 1.305, Com: 0.033, Time: 0.028, Cons: 0.005, s/b: 1.468
Steps : 7920, Gen: 0.445, Disc: 0.000, Metric: 0.001, Mag: 0.007, Pha: 1.415, Com: 0.036, Time: 0.030, Cons: 0.005, s/b: 1.470
Steps : 7930, Gen: 0.412, Disc: 0.000, Metric: 0.041, Mag: 0.008, Pha: 1.299, Com: 0.034, Time: 0.028, Cons: 0.005, s/b: 1.467
Steps : 7940, Gen: 0.402, Disc: 0.000, Metric: 0.004, Mag: 0.007, Pha: 1.272, Com: 0.034, Time: 0.029, Cons: 0.005, s/b: 1.475
Steps : 7950, Gen: 0.395, Disc: 0.002, Metric: 0.002, Mag: 0.006, Pha: 1.257, Com: 0.026, Time: 0.032, Cons: 0.004, s/b: 1.474
Steps : 7960, Gen: 0.400, Disc: 0.000, Metric: 0.009, Mag: 0.006, Pha: 1.277, Com: 0.026, Time: 0.026, Cons: 0.004, s/b: 1.469
Steps : 7970, Gen: 0.422, Disc: 0.044, Metric: 0.008, Mag: 0.006, Pha: 1.339, Com: 0.031, Time: 0.034, Cons: 0.005, s/b: 1.469
Steps : 7980, Gen: 0.363, Disc: 0.001, Metric: 0.002, Mag: 0.008, Pha: 1.131, Com: 0.037, Time: 0.040, Cons: 0.006, s/b: 1.473
Steps : 7990, Gen: 0.341, Disc: 0.004, Metric: 0.003, Mag: 0.006, Pha: 1.077, Com: 0.026, Time: 0.032, Cons: 0.004, s/b: 1.469
Steps : 8000, Gen: 0.405, Disc: 0.000, Metric: 0.001, Mag: 0.006, Pha: 1.296, Com: 0.027, Time: 0.024, Cons: 0.004, s/b: 1.456
Saving checkpoint to results/dualmic_sim2/g_00008000.pth
Complete.
Saving checkpoint to results/dualmic_sim2/do_00008000.pth
Complete.
valid: PESQ 3.850, Mag 0.0063, Pha 1.1941. Best PESQ 4.157 at step 6000
Error computing PESQ score: b'No utterances detected'
Error computing PESQ score: b'No utterances detected'
Error computing PESQ score: b'No utterances detected'
Error computing PESQ score: b'No utterances detected'
Steps : 8010, Gen: 0.399, Disc: 0.000, Metric: 0.038, Mag: 0.007, Pha: 1.265, Com: 0.027, Time: 0.028, Cons: 0.005, s/b: 1.469
Steps : 8020, Gen: 0.354, Disc: 0.000, Metric: 0.002, Mag: 0.005, Pha: 1.131, Com: 0.023, Time: 0.023, Cons: 0.004, s/b: 1.466
Steps : 8030, Gen: 0.389, Disc: 0.000, Metric: 0.015, Mag: 0.006, Pha: 1.242, Com: 0.027, Time: 0.023, Cons: 0.004, s/b: 1.468
Steps : 8040, Gen: 0.397, Disc: 0.024, Metric: 0.058, Mag: 0.005, Pha: 1.269, Com: 0.025, Time: 0.017, Cons: 0.004, s/b: 1.471
Steps : 8050, Gen: 0.393, Disc: 0.000, Metric: 0.002, Mag: 0.008, Pha: 1.238, Com: 0.037, Time: 0.031, Cons: 0.005, s/b: 1.469
Steps : 8060, Gen: 0.420, Disc: 0.000, Metric: 0.016, Mag: 0.007, Pha: 1.333, Com: 0.035, Time: 0.024, Cons: 0.005, s/b: 1.469
Steps : 8070, Gen: 0.387, Disc: 0.000, Metric: 0.008, Mag: 0.007, Pha: 1.225, Com: 0.031, Time: 0.026, Cons: 0.005, s/b: 1.466
Steps : 8080, Gen: 0.370, Disc: 0.000, Metric: 0.006, Mag: 0.007, Pha: 1.168, Com: 0.031, Time: 0.028, Cons: 0.005, s/b: 1.456
Steps : 8090, Gen: 0.428, Disc: 0.018, Metric: 0.004, Mag: 0.007, Pha: 1.351, Com: 0.035, Time: 0.038, Cons: 0.005, s/b: 1.469
Steps : 8100, Gen: 0.408, Disc: 0.000, Metric: 0.006, Mag: 0.006, Pha: 1.300, Com: 0.027, Time: 0.032, Cons: 0.004, s/b: 1.472
Steps : 8110, Gen: 0.419, Disc: 0.000, Metric: 0.007, Mag: 0.007, Pha: 1.332, Com: 0.031, Time: 0.027, Cons: 0.004, s/b: 1.466
Steps : 8120, Gen: 0.365, Disc: 0.001, Metric: 0.000, Mag: 0.008, Pha: 1.140, Com: 0.034, Time: 0.039, Cons: 0.005, s/b: 1.469
Steps : 8130, Gen: 0.404, Disc: 0.000, Metric: 0.018, Mag: 0.007, Pha: 1.280, Com: 0.032, Time: 0.027, Cons: 0.005, s/b: 1.466
Steps : 8140, Gen: 0.406, Disc: 0.000, Metric: 0.007, Mag: 0.007, Pha: 1.291, Com: 0.031, Time: 0.026, Cons: 0.004, s/b: 1.468
Steps : 8150, Gen: 0.410, Disc: 0.000, Metric: 0.010, Mag: 0.006, Pha: 1.310, Com: 0.029, Time: 0.023, Cons: 0.004, s/b: 1.467
Steps : 8160, Gen: 0.447, Disc: 0.005, Metric: 0.028, Mag: 0.008, Pha: 1.412, Com: 0.038, Time: 0.030, Cons: 0.005, s/b: 1.450
Steps : 8170, Gen: 0.390, Disc: 0.000, Metric: 0.005, Mag: 0.006, Pha: 1.240, Com: 0.028, Time: 0.030, Cons: 0.004, s/b: 1.468
Steps : 8180, Gen: 0.426, Disc: 0.000, Metric: 0.003, Mag: 0.007, Pha: 1.354, Com: 0.034, Time: 0.027, Cons: 0.005, s/b: 1.471
Steps : 8190, Gen: 0.399, Disc: 0.000, Metric: 0.002, Mag: 0.008, Pha: 1.258, Com: 0.037, Time: 0.031, Cons: 0.005, s/b: 1.469
Steps : 8200, Gen: 0.429, Disc: 0.000, Metric: 0.006, Mag: 0.007, Pha: 1.365, Com: 0.032, Time: 0.029, Cons: 0.005, s/b: 1.467
Steps : 8210, Gen: 0.376, Disc: 0.000, Metric: 0.001, Mag: 0.007, Pha: 1.190, Com: 0.031, Time: 0.028, Cons: 0.005, s/b: 1.468
Steps : 8220, Gen: 0.424, Disc: 0.000, Metric: 0.005, Mag: 0.007, Pha: 1.340, Com: 0.039, Time: 0.030, Cons: 0.005, s/b: 1.473
Steps : 8230, Gen: 0.469, Disc: 0.000, Metric: 0.043, Mag: 0.007, Pha: 1.493, Com: 0.035, Time: 0.027, Cons: 0.004, s/b: 1.468
Steps : 8240, Gen: 0.385, Disc: 0.000, Metric: 0.009, Mag: 0.007, Pha: 1.223, Com: 0.028, Time: 0.026, Cons: 0.004, s/b: 1.469
Steps : 8250, Gen: 0.456, Disc: 0.000, Metric: 0.001, Mag: 0.008, Pha: 1.442, Com: 0.039, Time: 0.033, Cons: 0.005, s/b: 1.484
Steps : 8260, Gen: 0.438, Disc: 0.056, Metric: 0.013, Mag: 0.007, Pha: 1.389, Com: 0.036, Time: 0.027, Cons: 0.005, s/b: 1.472
Steps : 8270, Gen: 0.417, Disc: 0.000, Metric: 0.010, Mag: 0.006, Pha: 1.334, Com: 0.027, Time: 0.023, Cons: 0.004, s/b: 1.467
Steps : 8280, Gen: 0.377, Disc: 0.003, Metric: 0.002, Mag: 0.008, Pha: 1.184, Com: 0.036, Time: 0.031, Cons: 0.005, s/b: 1.470
Steps : 8290, Gen: 0.413, Disc: 0.000, Metric: 0.020, Mag: 0.007, Pha: 1.312, Com: 0.028, Time: 0.024, Cons: 0.005, s/b: 1.469
Steps : 8300, Gen: 0.406, Disc: 0.001, Metric: 0.030, Mag: 0.007, Pha: 1.286, Com: 0.030, Time: 0.030, Cons: 0.004, s/b: 1.470
Steps : 8310, Gen: 0.435, Disc: 0.000, Metric: 0.061, Mag: 0.006, Pha: 1.381, Com: 0.029, Time: 0.024, Cons: 0.004, s/b: 1.467
Steps : 8320, Gen: 0.415, Disc: 0.000, Metric: 0.004, Mag: 0.007, Pha: 1.319, Com: 0.032, Time: 0.030, Cons: 0.004, s/b: 1.467
Steps : 8330, Gen: 0.455, Disc: 0.000, Metric: 0.010, Mag: 0.006, Pha: 1.450, Com: 0.033, Time: 0.030, Cons: 0.005, s/b: 1.467
Steps : 8340, Gen: 0.417, Disc: 0.002, Metric: 0.006, Mag: 0.007, Pha: 1.321, Com: 0.034, Time: 0.030, Cons: 0.005, s/b: 1.472
Steps : 8350, Gen: 0.396, Disc: 0.000, Metric: 0.003, Mag: 0.007, Pha: 1.254, Com: 0.034, Time: 0.028, Cons: 0.005, s/b: 1.467
Steps : 8360, Gen: 0.455, Disc: 0.000, Metric: 0.012, Mag: 0.006, Pha: 1.454, Com: 0.030, Time: 0.028, Cons: 0.005, s/b: 1.469
Steps : 8370, Gen: 0.403, Disc: 0.000, Metric: 0.021, Mag: 0.008, Pha: 1.270, Com: 0.035, Time: 0.032, Cons: 0.004, s/b: 1.469
Steps : 8380, Gen: 0.381, Disc: 0.000, Metric: 0.010, Mag: 0.006, Pha: 1.217, Com: 0.024, Time: 0.026, Cons: 0.004, s/b: 1.468
Steps : 8390, Gen: 0.403, Disc: 0.008, Metric: 0.009, Mag: 0.007, Pha: 1.276, Com: 0.033, Time: 0.027, Cons: 0.004, s/b: 1.471
Steps : 8400, Gen: 0.442, Disc: 0.000, Metric: 0.001, Mag: 0.007, Pha: 1.408, Com: 0.034, Time: 0.028, Cons: 0.005, s/b: 1.466
Steps : 8410, Gen: 0.396, Disc: 0.000, Metric: 0.002, Mag: 0.007, Pha: 1.250, Com: 0.035, Time: 0.032, Cons: 0.005, s/b: 1.467
Steps : 8420, Gen: 0.417, Disc: 0.008, Metric: 0.017, Mag: 0.006, Pha: 1.326, Com: 0.031, Time: 0.028, Cons: 0.004, s/b: 1.468
Steps : 8430, Gen: 0.428, Disc: 0.002, Metric: 0.009, Mag: 0.009, Pha: 1.352, Com: 0.037, Time: 0.029, Cons: 0.005, s/b: 1.471
Steps : 8440, Gen: 0.435, Disc: 0.000, Metric: 0.005, Mag: 0.005, Pha: 1.398, Com: 0.024, Time: 0.024, Cons: 0.004, s/b: 1.468
Steps : 8450, Gen: 0.455, Disc: 0.000, Metric: 0.011, Mag: 0.006, Pha: 1.455, Com: 0.033, Time: 0.025, Cons: 0.004, s/b: 1.466
Steps : 8460, Gen: 0.393, Disc: 0.004, Metric: 0.004, Mag: 0.008, Pha: 1.233, Com: 0.038, Time: 0.032, Cons: 0.006, s/b: 1.468
Steps : 8470, Gen: 0.386, Disc: 0.000, Metric: 0.008, Mag: 0.007, Pha: 1.224, Com: 0.029, Time: 0.030, Cons: 0.005, s/b: 1.468
Time taken for epoch 8 is 1566 sec

Epoch: 9
Steps : 8480, Gen: 0.424, Disc: 0.022, Metric: 0.004, Mag: 0.007, Pha: 1.350, Com: 0.033, Time: 0.027, Cons: 0.005, s/b: 1.462
Steps : 8490, Gen: 0.412, Disc: 0.000, Metric: 0.002, Mag: 0.006, Pha: 1.308, Com: 0.035, Time: 0.031, Cons: 0.004, s/b: 1.469
Steps : 8500, Gen: 0.423, Disc: 0.000, Metric: 0.003, Mag: 0.007, Pha: 1.347, Com: 0.029, Time: 0.031, Cons: 0.005, s/b: 1.470
Saving checkpoint to results/dualmic_sim2/g_00008500.pth
Complete.
Saving checkpoint to results/dualmic_sim2/do_00008500.pth
Complete.
valid: PESQ 3.817, Mag 0.0067, Pha 1.2137. Best PESQ 4.157 at step 6000
Error computing PESQ score: b'No utterances detected'
Error computing PESQ score: b'No utterances detected'
Error computing PESQ score: b'No utterances detected'
Error computing PESQ score: b'No utterances detected'
Steps : 8510, Gen: 0.396, Disc: 0.000, Metric: 0.006, Mag: 0.006, Pha: 1.260, Com: 0.031, Time: 0.027, Cons: 0.004, s/b: 1.445
Steps : 8520, Gen: 0.377, Disc: 0.000, Metric: 0.001, Mag: 0.007, Pha: 1.191, Com: 0.032, Time: 0.029, Cons: 0.004, s/b: 1.459
Steps : 8530, Gen: 0.402, Disc: 0.000, Metric: 0.001, Mag: 0.007, Pha: 1.270, Com: 0.033, Time: 0.035, Cons: 0.005, s/b: 1.463
Steps : 8540, Gen: 0.391, Disc: 0.000, Metric: 0.008, Mag: 0.007, Pha: 1.235, Com: 0.033, Time: 0.034, Cons: 0.005, s/b: 1.466
Steps : 8550, Gen: 0.473, Disc: 0.000, Metric: 0.008, Mag: 0.007, Pha: 1.514, Com: 0.034, Time: 0.023, Cons: 0.004, s/b: 1.451
Steps : 8560, Gen: 0.407, Disc: 0.001, Metric: 0.001, Mag: 0.007, Pha: 1.290, Com: 0.033, Time: 0.030, Cons: 0.005, s/b: 1.469
Steps : 8570, Gen: 0.452, Disc: 0.000, Metric: 0.035, Mag: 0.005, Pha: 1.447, Com: 0.026, Time: 0.024, Cons: 0.004, s/b: 1.466
Steps : 8580, Gen: 0.381, Disc: 0.011, Metric: 0.009, Mag: 0.009, Pha: 1.189, Com: 0.039, Time: 0.033, Cons: 0.006, s/b: 1.471
Steps : 8590, Gen: 0.410, Disc: 0.000, Metric: 0.007, Mag: 0.008, Pha: 1.288, Com: 0.040, Time: 0.033, Cons: 0.005, s/b: 1.468
Steps : 8600, Gen: 0.416, Disc: 0.000, Metric: 0.004, Mag: 0.008, Pha: 1.317, Com: 0.034, Time: 0.031, Cons: 0.005, s/b: 1.469
Steps : 8610, Gen: 0.426, Disc: 0.000, Metric: 0.021, Mag: 0.006, Pha: 1.360, Com: 0.029, Time: 0.023, Cons: 0.004, s/b: 1.467
Steps : 8620, Gen: 0.395, Disc: 0.000, Metric: 0.016, Mag: 0.007, Pha: 1.257, Com: 0.026, Time: 0.026, Cons: 0.004, s/b: 1.462
Steps : 8630, Gen: 0.368, Disc: 0.000, Metric: 0.037, Mag: 0.005, Pha: 1.173, Com: 0.022, Time: 0.025, Cons: 0.004, s/b: 1.467
Steps : 8640, Gen: 0.407, Disc: 0.000, Metric: 0.002, Mag: 0.006, Pha: 1.295, Com: 0.032, Time: 0.027, Cons: 0.004, s/b: 1.467
Steps : 8650, Gen: 0.344, Disc: 0.007, Metric: 0.005, Mag: 0.006, Pha: 1.089, Com: 0.028, Time: 0.027, Cons: 0.004, s/b: 1.464
Steps : 8660, Gen: 0.429, Disc: 0.000, Metric: 0.002, Mag: 0.006, Pha: 1.370, Com: 0.030, Time: 0.026, Cons: 0.004, s/b: 1.466
Steps : 8670, Gen: 0.357, Disc: 0.000, Metric: 0.012, Mag: 0.006, Pha: 1.129, Com: 0.028, Time: 0.028, Cons: 0.005, s/b: 1.469
Steps : 8680, Gen: 0.468, Disc: 0.000, Metric: 0.050, Mag: 0.007, Pha: 1.488, Com: 0.034, Time: 0.024, Cons: 0.004, s/b: 1.462
Steps : 8690, Gen: 0.382, Disc: 0.029, Metric: 0.007, Mag: 0.008, Pha: 1.204, Com: 0.034, Time: 0.029, Cons: 0.005, s/b: 1.471
Steps : 8700, Gen: 0.434, Disc: 0.000, Metric: 0.012, Mag: 0.005, Pha: 1.404, Com: 0.021, Time: 0.015, Cons: 0.003, s/b: 1.462
Steps : 8710, Gen: 0.399, Disc: 0.022, Metric: 0.020, Mag: 0.007, Pha: 1.257, Com: 0.034, Time: 0.032, Cons: 0.006, s/b: 1.471
Steps : 8720, Gen: 0.380, Disc: 0.000, Metric: 0.003, Mag: 0.008, Pha: 1.198, Com: 0.031, Time: 0.028, Cons: 0.005, s/b: 1.467
Steps : 8730, Gen: 0.379, Disc: 0.000, Metric: 0.007, Mag: 0.006, Pha: 1.199, Com: 0.031, Time: 0.031, Cons: 0.004, s/b: 1.466
Steps : 8740, Gen: 0.361, Disc: 0.001, Metric: 0.001, Mag: 0.007, Pha: 1.134, Com: 0.033, Time: 0.034, Cons: 0.005, s/b: 1.470
Steps : 8750, Gen: 0.422, Disc: 0.000, Metric: 0.005, Mag: 0.006, Pha: 1.353, Com: 0.027, Time: 0.024, Cons: 0.004, s/b: 1.465
Steps : 8760, Gen: 0.428, Disc: 0.000, Metric: 0.018, Mag: 0.007, Pha: 1.364, Com: 0.029, Time: 0.026, Cons: 0.004, s/b: 1.467
Steps : 8770, Gen: 0.375, Disc: 0.000, Metric: 0.011, Mag: 0.006, Pha: 1.189, Com: 0.030, Time: 0.025, Cons: 0.004, s/b: 1.462
Steps : 8780, Gen: 0.401, Disc: 0.001, Metric: 0.002, Mag: 0.008, Pha: 1.265, Com: 0.036, Time: 0.030, Cons: 0.005, s/b: 1.469
Steps : 8790, Gen: 0.369, Disc: 0.000, Metric: 0.002, Mag: 0.005, Pha: 1.179, Com: 0.024, Time: 0.025, Cons: 0.004, s/b: 1.462
Steps : 8800, Gen: 0.399, Disc: 0.000, Metric: 0.024, Mag: 0.007, Pha: 1.264, Com: 0.030, Time: 0.027, Cons: 0.004, s/b: 1.469
Steps : 8810, Gen: 0.406, Disc: 0.000, Metric: 0.001, Mag: 0.008, Pha: 1.276, Com: 0.039, Time: 0.034, Cons: 0.005, s/b: 1.467
Steps : 8820, Gen: 0.385, Disc: 0.000, Metric: 0.003, Mag: 0.006, Pha: 1.220, Com: 0.030, Time: 0.031, Cons: 0.004, s/b: 1.465
Steps : 8830, Gen: 0.383, Disc: 0.018, Metric: 0.009, Mag: 0.005, Pha: 1.225, Com: 0.024, Time: 0.024, Cons: 0.003, s/b: 1.465
Steps : 8840, Gen: 0.418, Disc: 0.000, Metric: 0.002, Mag: 0.007, Pha: 1.323, Com: 0.036, Time: 0.030, Cons: 0.005, s/b: 1.462
Steps : 8850, Gen: 0.395, Disc: 0.000, Metric: 0.001, Mag: 0.007, Pha: 1.248, Com: 0.037, Time: 0.029, Cons: 0.005, s/b: 1.466
Steps : 8860, Gen: 0.382, Disc: 0.000, Metric: 0.007, Mag: 0.006, Pha: 1.221, Com: 0.026, Time: 0.022, Cons: 0.004, s/b: 1.466
Steps : 8870, Gen: 0.407, Disc: 0.000, Metric: 0.004, Mag: 0.008, Pha: 1.292, Com: 0.034, Time: 0.025, Cons: 0.004, s/b: 1.468
Steps : 8880, Gen: 0.376, Disc: 0.000, Metric: 0.001, Mag: 0.006, Pha: 1.187, Com: 0.029, Time: 0.035, Cons: 0.005, s/b: 1.468
Steps : 8890, Gen: 0.403, Disc: 0.000, Metric: 0.013, Mag: 0.006, Pha: 1.281, Com: 0.031, Time: 0.027, Cons: 0.004, s/b: 1.466
Steps : 8900, Gen: 0.423, Disc: 0.000, Metric: 0.009, Mag: 0.006, Pha: 1.351, Com: 0.031, Time: 0.023, Cons: 0.004, s/b: 1.467
Steps : 8910, Gen: 0.407, Disc: 0.000, Metric: 0.006, Mag: 0.007, Pha: 1.290, Com: 0.033, Time: 0.029, Cons: 0.004, s/b: 1.467
Steps : 8920, Gen: 0.389, Disc: 0.003, Metric: 0.003, Mag: 0.007, Pha: 1.237, Com: 0.031, Time: 0.022, Cons: 0.004, s/b: 1.469
Steps : 8930, Gen: 0.446, Disc: 0.000, Metric: 0.010, Mag: 0.006, Pha: 1.431, Com: 0.031, Time: 0.020, Cons: 0.004, s/b: 1.484
Steps : 8940, Gen: 0.416, Disc: 0.000, Metric: 0.035, Mag: 0.008, Pha: 1.312, Com: 0.035, Time: 0.029, Cons: 0.005, s/b: 1.469
Steps : 8950, Gen: 0.433, Disc: 0.000, Metric: 0.008, Mag: 0.007, Pha: 1.378, Com: 0.031, Time: 0.032, Cons: 0.005, s/b: 1.466
Steps : 8960, Gen: 0.406, Disc: 0.000, Metric: 0.003, Mag: 0.006, Pha: 1.291, Com: 0.031, Time: 0.028, Cons: 0.005, s/b: 1.461
Steps : 8970, Gen: 0.424, Disc: 0.000, Metric: 0.003, Mag: 0.006, Pha: 1.354, Com: 0.029, Time: 0.028, Cons: 0.004, s/b: 1.466
Steps : 8980, Gen: 0.412, Disc: 0.006, Metric: 0.010, Mag: 0.007, Pha: 1.303, Com: 0.036, Time: 0.030, Cons: 0.005, s/b: 1.485
Steps : 8990, Gen: 0.411, Disc: 0.000, Metric: 0.006, Mag: 0.007, Pha: 1.307, Com: 0.033, Time: 0.025, Cons: 0.004, s/b: 1.466
Steps : 9000, Gen: 0.459, Disc: 0.000, Metric: 0.019, Mag: 0.007, Pha: 1.463, Com: 0.032, Time: 0.028, Cons: 0.004, s/b: 1.482
Saving checkpoint to results/dualmic_sim2/g_00009000.pth
Complete.
Saving checkpoint to results/dualmic_sim2/do_00009000.pth
Complete.
valid: PESQ 3.867, Mag 0.0056, Pha 1.2329. Best PESQ 4.157 at step 6000
Error computing PESQ score: b'No utterances detected'
Error computing PESQ score: b'No utterances detected'
Error computing PESQ score: b'No utterances detected'
Error computing PESQ score: b'No utterances detected'
Steps : 9010, Gen: 0.422, Disc: 0.000, Metric: 0.013, Mag: 0.007, Pha: 1.344, Com: 0.029, Time: 0.027, Cons: 0.004, s/b: 1.468
Steps : 9020, Gen: 0.367, Disc: 0.000, Metric: 0.006, Mag: 0.005, Pha: 1.172, Com: 0.023, Time: 0.022, Cons: 0.004, s/b: 1.468
Steps : 9030, Gen: 0.387, Disc: 0.000, Metric: 0.019, Mag: 0.006, Pha: 1.229, Com: 0.028, Time: 0.028, Cons: 0.004, s/b: 1.470
Steps : 9040, Gen: 0.424, Disc: 0.000, Metric: 0.002, Mag: 0.007, Pha: 1.352, Com: 0.031, Time: 0.027, Cons: 0.005, s/b: 1.461
Steps : 9050, Gen: 0.399, Disc: 0.000, Metric: 0.001, Mag: 0.008, Pha: 1.257, Com: 0.040, Time: 0.033, Cons: 0.005, s/b: 1.443
Steps : 9060, Gen: 0.349, Disc: 0.002, Metric: 0.005, Mag: 0.008, Pha: 1.088, Com: 0.034, Time: 0.037, Cons: 0.005, s/b: 1.469
Steps : 9070, Gen: 0.426, Disc: 0.000, Metric: 0.007, Mag: 0.007, Pha: 1.351, Com: 0.037, Time: 0.027, Cons: 0.005, s/b: 1.458
Steps : 9080, Gen: 0.378, Disc: 0.002, Metric: 0.006, Mag: 0.007, Pha: 1.193, Com: 0.029, Time: 0.038, Cons: 0.004, s/b: 1.469
Steps : 9090, Gen: 0.378, Disc: 0.001, Metric: 0.010, Mag: 0.008, Pha: 1.192, Com: 0.031, Time: 0.031, Cons: 0.005, s/b: 1.446
Steps : 9100, Gen: 0.401, Disc: 0.000, Metric: 0.002, Mag: 0.007, Pha: 1.271, Com: 0.031, Time: 0.029, Cons: 0.005, s/b: 1.447
Steps : 9110, Gen: 0.351, Disc: 0.000, Metric: 0.003, Mag: 0.005, Pha: 1.120, Com: 0.022, Time: 0.027, Cons: 0.004, s/b: 1.461
Steps : 9120, Gen: 0.413, Disc: 0.000, Metric: 0.021, Mag: 0.006, Pha: 1.324, Com: 0.025, Time: 0.022, Cons: 0.004, s/b: 1.466
Steps : 9130, Gen: 0.395, Disc: 0.000, Metric: 0.003, Mag: 0.006, Pha: 1.258, Com: 0.030, Time: 0.024, Cons: 0.004, s/b: 1.467
Steps : 9140, Gen: 0.416, Disc: 0.000, Metric: 0.002, Mag: 0.007, Pha: 1.316, Com: 0.036, Time: 0.032, Cons: 0.004, s/b: 1.468
Steps : 9150, Gen: 0.420, Disc: 0.000, Metric: 0.004, Mag: 0.006, Pha: 1.342, Com: 0.033, Time: 0.024, Cons: 0.004, s/b: 1.466
Steps : 9160, Gen: 0.390, Disc: 0.000, Metric: 0.002, Mag: 0.007, Pha: 1.235, Com: 0.031, Time: 0.029, Cons: 0.005, s/b: 1.458
Steps : 9170, Gen: 0.376, Disc: 0.000, Metric: 0.005, Mag: 0.005, Pha: 1.206, Com: 0.023, Time: 0.023, Cons: 0.004, s/b: 1.467
Steps : 9180, Gen: 0.491, Disc: 0.000, Metric: 0.010, Mag: 0.008, Pha: 1.568, Com: 0.039, Time: 0.024, Cons: 0.005, s/b: 1.471
Steps : 9190, Gen: 0.411, Disc: 0.000, Metric: 0.018, Mag: 0.007, Pha: 1.295, Com: 0.036, Time: 0.032, Cons: 0.005, s/b: 1.466
Steps : 9200, Gen: 0.437, Disc: 0.002, Metric: 0.006, Mag: 0.007, Pha: 1.387, Com: 0.038, Time: 0.030, Cons: 0.005, s/b: 1.470
Steps : 9210, Gen: 0.404, Disc: 0.000, Metric: 0.003, Mag: 0.008, Pha: 1.271, Com: 0.039, Time: 0.033, Cons: 0.005, s/b: 1.466
Steps : 9220, Gen: 0.451, Disc: 0.000, Metric: 0.027, Mag: 0.005, Pha: 1.450, Com: 0.026, Time: 0.022, Cons: 0.004, s/b: 1.467
Steps : 9230, Gen: 0.395, Disc: 0.002, Metric: 0.000, Mag: 0.007, Pha: 1.255, Com: 0.029, Time: 0.028, Cons: 0.004, s/b: 1.469
Steps : 9240, Gen: 0.406, Disc: 0.000, Metric: 0.003, Mag: 0.007, Pha: 1.291, Com: 0.031, Time: 0.029, Cons: 0.004, s/b: 1.467
Steps : 9250, Gen: 0.444, Disc: 0.000, Metric: 0.015, Mag: 0.009, Pha: 1.398, Com: 0.040, Time: 0.032, Cons: 0.005, s/b: 1.466
Steps : 9260, Gen: 0.397, Disc: 0.000, Metric: 0.013, Mag: 0.008, Pha: 1.248, Com: 0.037, Time: 0.031, Cons: 0.005, s/b: 1.466
Steps : 9270, Gen: 0.338, Disc: 0.019, Metric: 0.029, Mag: 0.004, Pha: 1.080, Com: 0.018, Time: 0.022, Cons: 0.003, s/b: 1.470
Steps : 9280, Gen: 0.377, Disc: 0.000, Metric: 0.006, Mag: 0.006, Pha: 1.196, Com: 0.029, Time: 0.029, Cons: 0.004, s/b: 1.467
Steps : 9290, Gen: 0.372, Disc: 0.022, Metric: 0.011, Mag: 0.005, Pha: 1.188, Com: 0.022, Time: 0.025, Cons: 0.004, s/b: 1.625
Steps : 9300, Gen: 0.388, Disc: 0.044, Metric: 0.016, Mag: 0.007, Pha: 1.227, Com: 0.029, Time: 0.031, Cons: 0.005, s/b: 1.470
Steps : 9310, Gen: 0.413, Disc: 0.000, Metric: 0.044, Mag: 0.008, Pha: 1.298, Com: 0.034, Time: 0.028, Cons: 0.005, s/b: 1.466
Steps : 9320, Gen: 0.359, Disc: 0.000, Metric: 0.008, Mag: 0.007, Pha: 1.134, Com: 0.030, Time: 0.027, Cons: 0.004, s/b: 1.460
Steps : 9330, Gen: 0.356, Disc: 0.000, Metric: 0.001, Mag: 0.006, Pha: 1.128, Com: 0.028, Time: 0.029, Cons: 0.004, s/b: 1.446
Steps : 9340, Gen: 0.427, Disc: 0.000, Metric: 0.010, Mag: 0.007, Pha: 1.355, Com: 0.034, Time: 0.029, Cons: 0.004, s/b: 1.468
Steps : 9350, Gen: 0.357, Disc: 0.001, Metric: 0.001, Mag: 0.006, Pha: 1.132, Com: 0.027, Time: 0.027, Cons: 0.004, s/b: 1.470
Steps : 9360, Gen: 0.387, Disc: 0.000, Metric: 0.005, Mag: 0.008, Pha: 1.220, Com: 0.037, Time: 0.027, Cons: 0.005, s/b: 1.471
Steps : 9370, Gen: 0.401, Disc: 0.000, Metric: 0.006, Mag: 0.006, Pha: 1.276, Com: 0.033, Time: 0.027, Cons: 0.004, s/b: 1.468
Steps : 9380, Gen: 0.408, Disc: 0.012, Metric: 0.013, Mag: 0.007, Pha: 1.293, Com: 0.032, Time: 0.028, Cons: 0.004, s/b: 1.471
Steps : 9390, Gen: 0.407, Disc: 0.000, Metric: 0.007, Mag: 0.007, Pha: 1.285, Com: 0.034, Time: 0.033, Cons: 0.005, s/b: 1.468
Steps : 9400, Gen: 0.422, Disc: 0.000, Metric: 0.007, Mag: 0.007, Pha: 1.338, Com: 0.032, Time: 0.031, Cons: 0.005, s/b: 1.469
Steps : 9410, Gen: 0.426, Disc: 0.000, Metric: 0.011, Mag: 0.006, Pha: 1.362, Com: 0.031, Time: 0.023, Cons: 0.004, s/b: 1.466
Steps : 9420, Gen: 0.423, Disc: 0.000, Metric: 0.009, Mag: 0.006, Pha: 1.355, Com: 0.028, Time: 0.024, Cons: 0.004, s/b: 1.468
Steps : 9430, Gen: 0.366, Disc: 0.000, Metric: 0.003, Mag: 0.005, Pha: 1.168, Com: 0.024, Time: 0.024, Cons: 0.004, s/b: 1.467
Steps : 9440, Gen: 0.391, Disc: 0.000, Metric: 0.032, Mag: 0.009, Pha: 1.228, Com: 0.032, Time: 0.027, Cons: 0.004, s/b: 1.467
Steps : 9450, Gen: 0.374, Disc: 0.000, Metric: 0.003, Mag: 0.006, Pha: 1.188, Com: 0.028, Time: 0.031, Cons: 0.004, s/b: 1.469
Steps : 9460, Gen: 0.355, Disc: 0.000, Metric: 0.002, Mag: 0.006, Pha: 1.121, Com: 0.031, Time: 0.029, Cons: 0.004, s/b: 1.469
Steps : 9470, Gen: 0.386, Disc: 0.000, Metric: 0.002, Mag: 0.006, Pha: 1.227, Com: 0.027, Time: 0.027, Cons: 0.004, s/b: 1.467
Steps : 9480, Gen: 0.356, Disc: 0.000, Metric: 0.001, Mag: 0.006, Pha: 1.127, Com: 0.027, Time: 0.027, Cons: 0.004, s/b: 1.468
Steps : 9490, Gen: 0.387, Disc: 0.000, Metric: 0.003, Mag: 0.008, Pha: 1.217, Com: 0.034, Time: 0.036, Cons: 0.005, s/b: 1.465
Steps : 9500, Gen: 0.397, Disc: 0.000, Metric: 0.000, Mag: 0.008, Pha: 1.251, Com: 0.040, Time: 0.030, Cons: 0.005, s/b: 1.467
Saving checkpoint to results/dualmic_sim2/g_00009500.pth
Complete.
Saving checkpoint to results/dualmic_sim2/do_00009500.pth
Complete.
valid: PESQ 4.009, Mag 0.0048, Pha 1.3375. Best PESQ 4.157 at step 6000
Error computing PESQ score: b'No utterances detected'
Error computing PESQ score: b'No utterances detected'
Steps : 9510, Gen: 0.433, Disc: 0.000, Metric: 0.014, Mag: 0.006, Pha: 1.387, Com: 0.030, Time: 0.020, Cons: 0.004, s/b: 1.468
Steps : 9520, Gen: 0.401, Disc: 0.000, Metric: 0.001, Mag: 0.006, Pha: 1.273, Com: 0.031, Time: 0.031, Cons: 0.004, s/b: 1.469
Steps : 9530, Gen: 0.408, Disc: 0.000, Metric: 0.001, Mag: 0.006, Pha: 1.296, Com: 0.034, Time: 0.029, Cons: 0.005, s/b: 1.467
Time taken for epoch 9 is 1572 sec

Epoch: 10
Steps : 9540, Gen: 0.423, Disc: 0.007, Metric: 0.017, Mag: 0.007, Pha: 1.345, Com: 0.035, Time: 0.025, Cons: 0.004, s/b: 1.473
Steps : 9550, Gen: 0.350, Disc: 0.000, Metric: 0.000, Mag: 0.006, Pha: 1.107, Com: 0.028, Time: 0.029, Cons: 0.004, s/b: 1.469
Steps : 9560, Gen: 0.478, Disc: 0.000, Metric: 0.017, Mag: 0.007, Pha: 1.529, Com: 0.035, Time: 0.022, Cons: 0.004, s/b: 1.465
Steps : 9570, Gen: 0.335, Disc: 0.000, Metric: 0.001, Mag: 0.007, Pha: 1.059, Com: 0.025, Time: 0.028, Cons: 0.004, s/b: 1.469
Steps : 9580, Gen: 0.419, Disc: 0.000, Metric: 0.011, Mag: 0.006, Pha: 1.342, Com: 0.027, Time: 0.024, Cons: 0.004, s/b: 1.470
Steps : 9590, Gen: 0.410, Disc: 0.000, Metric: 0.005, Mag: 0.006, Pha: 1.305, Com: 0.032, Time: 0.024, Cons: 0.004, s/b: 1.466
Steps : 9600, Gen: 0.374, Disc: 0.000, Metric: 0.009, Mag: 0.006, Pha: 1.187, Com: 0.027, Time: 0.028, Cons: 0.004, s/b: 1.467
Steps : 9610, Gen: 0.403, Disc: 0.000, Metric: 0.040, Mag: 0.006, Pha: 1.281, Com: 0.028, Time: 0.026, Cons: 0.004, s/b: 1.467
Steps : 9620, Gen: 0.402, Disc: 0.002, Metric: 0.007, Mag: 0.007, Pha: 1.271, Com: 0.034, Time: 0.036, Cons: 0.004, s/b: 1.465
Steps : 9630, Gen: 0.415, Disc: 0.000, Metric: 0.043, Mag: 0.009, Pha: 1.299, Com: 0.034, Time: 0.034, Cons: 0.006, s/b: 1.469
Steps : 9640, Gen: 0.464, Disc: 0.012, Metric: 0.031, Mag: 0.009, Pha: 1.460, Com: 0.040, Time: 0.037, Cons: 0.007, s/b: 1.469
Steps : 9650, Gen: 0.361, Disc: 0.000, Metric: 0.002, Mag: 0.007, Pha: 1.139, Com: 0.028, Time: 0.034, Cons: 0.005, s/b: 1.468
Steps : 9660, Gen: 0.382, Disc: 0.000, Metric: 0.001, Mag: 0.008, Pha: 1.201, Com: 0.033, Time: 0.033, Cons: 0.005, s/b: 1.468
Steps : 9670, Gen: 0.422, Disc: 0.000, Metric: 0.036, Mag: 0.006, Pha: 1.341, Com: 0.027, Time: 0.028, Cons: 0.005, s/b: 1.468
Steps : 9680, Gen: 0.375, Disc: 0.006, Metric: 0.015, Mag: 0.007, Pha: 1.185, Com: 0.029, Time: 0.032, Cons: 0.005, s/b: 1.468
Steps : 9690, Gen: 0.372, Disc: 0.010, Metric: 0.004, Mag: 0.007, Pha: 1.174, Com: 0.030, Time: 0.033, Cons: 0.005, s/b: 1.464
Steps : 9700, Gen: 0.425, Disc: 0.000, Metric: 0.004, Mag: 0.007, Pha: 1.359, Com: 0.030, Time: 0.024, Cons: 0.004, s/b: 1.469
Steps : 9710, Gen: 0.355, Disc: 0.000, Metric: 0.002, Mag: 0.008, Pha: 1.107, Com: 0.032, Time: 0.039, Cons: 0.005, s/b: 1.470
Steps : 9720, Gen: 0.369, Disc: 0.000, Metric: 0.004, Mag: 0.005, Pha: 1.175, Com: 0.023, Time: 0.032, Cons: 0.004, s/b: 1.468
Steps : 9730, Gen: 0.354, Disc: 0.000, Metric: 0.005, Mag: 0.005, Pha: 1.128, Com: 0.023, Time: 0.025, Cons: 0.004, s/b: 1.468
Steps : 9740, Gen: 0.387, Disc: 0.000, Metric: 0.031, Mag: 0.006, Pha: 1.231, Com: 0.023, Time: 0.029, Cons: 0.004, s/b: 1.468
Steps : 9750, Gen: 0.414, Disc: 0.007, Metric: 0.003, Mag: 0.007, Pha: 1.320, Com: 0.030, Time: 0.025, Cons: 0.005, s/b: 1.469
Steps : 9760, Gen: 0.358, Disc: 0.004, Metric: 0.007, Mag: 0.006, Pha: 1.132, Com: 0.026, Time: 0.032, Cons: 0.004, s/b: 1.462
Steps : 9770, Gen: 0.411, Disc: 0.000, Metric: 0.007, Mag: 0.006, Pha: 1.314, Com: 0.028, Time: 0.023, Cons: 0.005, s/b: 1.468
Steps : 9780, Gen: 0.384, Disc: 0.000, Metric: 0.006, Mag: 0.008, Pha: 1.209, Com: 0.032, Time: 0.035, Cons: 0.005, s/b: 1.468
Steps : 9790, Gen: 0.421, Disc: 0.000, Metric: 0.002, Mag: 0.008, Pha: 1.333, Com: 0.038, Time: 0.029, Cons: 0.005, s/b: 1.468
Steps : 9800, Gen: 0.425, Disc: 0.002, Metric: 0.001, Mag: 0.008, Pha: 1.338, Com: 0.041, Time: 0.030, Cons: 0.006, s/b: 1.469
Steps : 9810, Gen: 0.405, Disc: 0.000, Metric: 0.013, Mag: 0.006, Pha: 1.294, Com: 0.024, Time: 0.027, Cons: 0.004, s/b: 1.468
Steps : 9820, Gen: 0.421, Disc: 0.004, Metric: 0.009, Mag: 0.007, Pha: 1.337, Com: 0.035, Time: 0.026, Cons: 0.005, s/b: 1.470
Steps : 9830, Gen: 0.418, Disc: 0.000, Metric: 0.005, Mag: 0.008, Pha: 1.326, Com: 0.034, Time: 0.027, Cons: 0.004, s/b: 1.467
Steps : 9840, Gen: 0.390, Disc: 0.004, Metric: 0.004, Mag: 0.008, Pha: 1.227, Com: 0.036, Time: 0.031, Cons: 0.005, s/b: 1.470
Steps : 9850, Gen: 0.349, Disc: 0.000, Metric: 0.001, Mag: 0.008, Pha: 1.092, Com: 0.032, Time: 0.036, Cons: 0.005, s/b: 1.460
Steps : 9860, Gen: 0.415, Disc: 0.000, Metric: 0.045, Mag: 0.007, Pha: 1.317, Com: 0.032, Time: 0.023, Cons: 0.004, s/b: 1.465
Steps : 9870, Gen: 0.399, Disc: 0.000, Metric: 0.014, Mag: 0.007, Pha: 1.270, Com: 0.031, Time: 0.024, Cons: 0.004, s/b: 1.453
Steps : 9880, Gen: 0.415, Disc: 0.000, Metric: 0.006, Mag: 0.007, Pha: 1.322, Com: 0.031, Time: 0.023, Cons: 0.004, s/b: 1.467
Steps : 9890, Gen: 0.426, Disc: 0.000, Metric: 0.005, Mag: 0.007, Pha: 1.357, Com: 0.031, Time: 0.026, Cons: 0.004, s/b: 1.467
Steps : 9900, Gen: 0.380, Disc: 0.000, Metric: 0.010, Mag: 0.007, Pha: 1.205, Com: 0.030, Time: 0.027, Cons: 0.005, s/b: 1.460
Steps : 9910, Gen: 0.400, Disc: 0.000, Metric: 0.013, Mag: 0.007, Pha: 1.267, Com: 0.031, Time: 0.029, Cons: 0.004, s/b: 1.445
Steps : 9920, Gen: 0.407, Disc: 0.000, Metric: 0.034, Mag: 0.009, Pha: 1.279, Com: 0.034, Time: 0.031, Cons: 0.005, s/b: 1.444
Steps : 9930, Gen: 0.379, Disc: 0.000, Metric: 0.004, Mag: 0.007, Pha: 1.200, Com: 0.029, Time: 0.028, Cons: 0.004, s/b: 1.445
Steps : 9940, Gen: 0.412, Disc: 0.000, Metric: 0.002, Mag: 0.008, Pha: 1.300, Com: 0.036, Time: 0.030, Cons: 0.005, s/b: 1.446
Steps : 9950, Gen: 0.421, Disc: 0.000, Metric: 0.005, Mag: 0.007, Pha: 1.339, Com: 0.032, Time: 0.029, Cons: 0.004, s/b: 1.445
Steps : 9960, Gen: 0.411, Disc: 0.000, Metric: 0.014, Mag: 0.007, Pha: 1.304, Com: 0.031, Time: 0.029, Cons: 0.004, s/b: 1.446
Steps : 9970, Gen: 0.414, Disc: 0.000, Metric: 0.001, Mag: 0.007, Pha: 1.311, Com: 0.035, Time: 0.032, Cons: 0.004, s/b: 1.445
Steps : 9980, Gen: 0.396, Disc: 0.032, Metric: 0.027, Mag: 0.006, Pha: 1.262, Com: 0.027, Time: 0.020, Cons: 0.004, s/b: 1.449
Steps : 9990, Gen: 0.385, Disc: 0.000, Metric: 0.011, Mag: 0.006, Pha: 1.221, Com: 0.029, Time: 0.031, Cons: 0.004, s/b: 1.467
Steps : 10000, Gen: 0.347, Disc: 0.000, Metric: 0.002, Mag: 0.006, Pha: 1.098, Com: 0.026, Time: 0.031, Cons: 0.004, s/b: 1.468
Saving checkpoint to results/dualmic_sim2/g_00010000.pth
Complete.
Saving checkpoint to results/dualmic_sim2/do_00010000.pth
Complete.
valid: PESQ 3.928, Mag 0.0066, Pha 1.2324. Best PESQ 4.157 at step 6000
Error computing PESQ score: b'No utterances detected'
Error computing PESQ score: b'No utterances detected'
Error computing PESQ score: b'No utterances detected'
Steps : 10010, Gen: 0.380, Disc: 0.000, Metric: 0.005, Mag: 0.006, Pha: 1.210, Com: 0.029, Time: 0.025, Cons: 0.004, s/b: 1.465
Steps : 10020, Gen: 0.363, Disc: 0.000, Metric: 0.008, Mag: 0.005, Pha: 1.154, Com: 0.027, Time: 0.024, Cons: 0.004, s/b: 1.484
Steps : 10030, Gen: 0.443, Disc: 0.000, Metric: 0.008, Mag: 0.007, Pha: 1.413, Com: 0.033, Time: 0.025, Cons: 0.004, s/b: 1.446
Steps : 10040, Gen: 0.440, Disc: 0.000, Metric: 0.035, Mag: 0.006, Pha: 1.405, Com: 0.028, Time: 0.025, Cons: 0.004, s/b: 1.446
Steps : 10050, Gen: 0.365, Disc: 0.000, Metric: 0.011, Mag: 0.005, Pha: 1.164, Com: 0.024, Time: 0.026, Cons: 0.004, s/b: 1.469
Steps : 10060, Gen: 0.385, Disc: 0.007, Metric: 0.007, Mag: 0.007, Pha: 1.220, Com: 0.030, Time: 0.030, Cons: 0.004, s/b: 1.461
Steps : 10070, Gen: 0.423, Disc: 0.000, Metric: 0.006, Mag: 0.008, Pha: 1.336, Com: 0.037, Time: 0.032, Cons: 0.005, s/b: 1.467
Steps : 10080, Gen: 0.397, Disc: 0.000, Metric: 0.004, Mag: 0.006, Pha: 1.261, Com: 0.029, Time: 0.028, Cons: 0.004, s/b: 1.468
Steps : 10090, Gen: 0.395, Disc: 0.001, Metric: 0.005, Mag: 0.007, Pha: 1.243, Com: 0.037, Time: 0.032, Cons: 0.005, s/b: 1.471
Steps : 10100, Gen: 0.402, Disc: 0.000, Metric: 0.011, Mag: 0.006, Pha: 1.283, Com: 0.026, Time: 0.026, Cons: 0.004, s/b: 1.467
Steps : 10110, Gen: 0.422, Disc: 0.004, Metric: 0.002, Mag: 0.007, Pha: 1.341, Com: 0.036, Time: 0.028, Cons: 0.005, s/b: 1.470
Steps : 10120, Gen: 0.467, Disc: 0.000, Metric: 0.023, Mag: 0.008, Pha: 1.485, Com: 0.037, Time: 0.023, Cons: 0.005, s/b: 1.467
Steps : 10130, Gen: 0.385, Disc: 0.000, Metric: 0.037, Mag: 0.009, Pha: 1.206, Com: 0.035, Time: 0.029, Cons: 0.005, s/b: 1.466
Steps : 10140, Gen: 0.400, Disc: 0.000, Metric: 0.004, Mag: 0.006, Pha: 1.275, Com: 0.029, Time: 0.025, Cons: 0.004, s/b: 1.469
Steps : 10150, Gen: 0.411, Disc: 0.000, Metric: 0.020, Mag: 0.007, Pha: 1.303, Com: 0.032, Time: 0.029, Cons: 0.005, s/b: 1.468
Steps : 10160, Gen: 0.425, Disc: 0.000, Metric: 0.002, Mag: 0.006, Pha: 1.356, Com: 0.031, Time: 0.026, Cons: 0.004, s/b: 1.471
Steps : 10170, Gen: 0.362, Disc: 0.002, Metric: 0.000, Mag: 0.007, Pha: 1.143, Com: 0.029, Time: 0.030, Cons: 0.004, s/b: 1.472
Steps : 10180, Gen: 0.370, Disc: 0.000, Metric: 0.001, Mag: 0.006, Pha: 1.178, Com: 0.027, Time: 0.025, Cons: 0.004, s/b: 1.467
Steps : 10190, Gen: 0.420, Disc: 0.000, Metric: 0.008, Mag: 0.006, Pha: 1.341, Com: 0.031, Time: 0.025, Cons: 0.004, s/b: 1.470
Steps : 10200, Gen: 0.367, Disc: 0.003, Metric: 0.007, Mag: 0.007, Pha: 1.168, Com: 0.026, Time: 0.021, Cons: 0.004, s/b: 1.471
Steps : 10210, Gen: 0.411, Disc: 0.003, Metric: 0.000, Mag: 0.007, Pha: 1.299, Com: 0.034, Time: 0.034, Cons: 0.005, s/b: 1.486
Steps : 10220, Gen: 0.381, Disc: 0.000, Metric: 0.005, Mag: 0.007, Pha: 1.203, Com: 0.031, Time: 0.030, Cons: 0.005, s/b: 1.467
Steps : 10230, Gen: 0.407, Disc: 0.000, Metric: 0.013, Mag: 0.005, Pha: 1.301, Com: 0.025, Time: 0.026, Cons: 0.004, s/b: 1.467
Steps : 10240, Gen: 0.404, Disc: 0.000, Metric: 0.007, Mag: 0.007, Pha: 1.281, Com: 0.033, Time: 0.028, Cons: 0.004, s/b: 1.468
Steps : 10250, Gen: 0.365, Disc: 0.000, Metric: 0.003, Mag: 0.006, Pha: 1.162, Com: 0.025, Time: 0.026, Cons: 0.004, s/b: 1.466
Steps : 10260, Gen: 0.405, Disc: 0.000, Metric: 0.008, Mag: 0.006, Pha: 1.296, Com: 0.028, Time: 0.022, Cons: 0.004, s/b: 1.466
Steps : 10270, Gen: 0.398, Disc: 0.000, Metric: 0.000, Mag: 0.006, Pha: 1.263, Com: 0.032, Time: 0.033, Cons: 0.005, s/b: 1.470
Steps : 10280, Gen: 0.380, Disc: 0.000, Metric: 0.006, Mag: 0.007, Pha: 1.203, Com: 0.027, Time: 0.030, Cons: 0.005, s/b: 1.470
Steps : 10290, Gen: 0.455, Disc: 0.000, Metric: 0.032, Mag: 0.008, Pha: 1.442, Com: 0.033, Time: 0.032, Cons: 0.005, s/b: 1.467
Steps : 10300, Gen: 0.407, Disc: 0.000, Metric: 0.005, Mag: 0.006, Pha: 1.296, Com: 0.030, Time: 0.028, Cons: 0.004, s/b: 1.466
Steps : 10310, Gen: 0.364, Disc: 0.004, Metric: 0.006, Mag: 0.006, Pha: 1.155, Com: 0.030, Time: 0.026, Cons: 0.004, s/b: 1.469
Steps : 10320, Gen: 0.377, Disc: 0.004, Metric: 0.006, Mag: 0.006, Pha: 1.193, Com: 0.029, Time: 0.030, Cons: 0.004, s/b: 1.469
Steps : 10330, Gen: 0.407, Disc: 0.000, Metric: 0.007, Mag: 0.006, Pha: 1.298, Com: 0.032, Time: 0.024, Cons: 0.004, s/b: 1.466
Steps : 10340, Gen: 0.383, Disc: 0.006, Metric: 0.006, Mag: 0.007, Pha: 1.210, Com: 0.033, Time: 0.028, Cons: 0.004, s/b: 1.469
Steps : 10350, Gen: 0.412, Disc: 0.003, Metric: 0.005, Mag: 0.008, Pha: 1.301, Com: 0.035, Time: 0.032, Cons: 0.005, s/b: 1.474
Steps : 10360, Gen: 0.421, Disc: 0.010, Metric: 0.013, Mag: 0.007, Pha: 1.340, Com: 0.032, Time: 0.027, Cons: 0.004, s/b: 1.470
Steps : 10370, Gen: 0.402, Disc: 0.000, Metric: 0.002, Mag: 0.007, Pha: 1.278, Com: 0.032, Time: 0.026, Cons: 0.005, s/b: 1.467
Steps : 10380, Gen: 0.385, Disc: 0.000, Metric: 0.004, Mag: 0.007, Pha: 1.213, Com: 0.034, Time: 0.031, Cons: 0.005, s/b: 1.467
Steps : 10390, Gen: 0.389, Disc: 0.006, Metric: 0.007, Mag: 0.005, Pha: 1.246, Com: 0.024, Time: 0.022, Cons: 0.004, s/b: 1.474
Steps : 10400, Gen: 0.369, Disc: 0.000, Metric: 0.004, Mag: 0.006, Pha: 1.176, Com: 0.026, Time: 0.025, Cons: 0.004, s/b: 1.467
Steps : 10410, Gen: 0.395, Disc: 0.000, Metric: 0.026, Mag: 0.006, Pha: 1.256, Com: 0.027, Time: 0.024, Cons: 0.004, s/b: 1.466
Steps : 10420, Gen: 0.454, Disc: 0.000, Metric: 0.001, Mag: 0.007, Pha: 1.446, Com: 0.037, Time: 0.025, Cons: 0.004, s/b: 1.469
Steps : 10430, Gen: 0.401, Disc: 0.000, Metric: 0.000, Mag: 0.007, Pha: 1.267, Com: 0.036, Time: 0.032, Cons: 0.005, s/b: 1.466
Steps : 10440, Gen: 0.349, Disc: 0.000, Metric: 0.004, Mag: 0.007, Pha: 1.095, Com: 0.033, Time: 0.030, Cons: 0.005, s/b: 1.470
Steps : 10450, Gen: 0.389, Disc: 0.004, Metric: 0.016, Mag: 0.007, Pha: 1.233, Com: 0.031, Time: 0.027, Cons: 0.004, s/b: 1.473
Steps : 10460, Gen: 0.379, Disc: 0.000, Metric: 0.005, Mag: 0.006, Pha: 1.207, Com: 0.028, Time: 0.024, Cons: 0.004, s/b: 1.468
Steps : 10470, Gen: 0.368, Disc: 0.001, Metric: 0.001, Mag: 0.007, Pha: 1.163, Com: 0.034, Time: 0.027, Cons: 0.004, s/b: 1.469
Steps : 10480, Gen: 0.369, Disc: 0.003, Metric: 0.001, Mag: 0.008, Pha: 1.160, Com: 0.033, Time: 0.032, Cons: 0.005, s/b: 1.471
Steps : 10490, Gen: 0.377, Disc: 0.000, Metric: 0.013, Mag: 0.005, Pha: 1.204, Com: 0.024, Time: 0.027, Cons: 0.004, s/b: 1.469
Steps : 10500, Gen: 0.365, Disc: 0.000, Metric: 0.000, Mag: 0.006, Pha: 1.162, Com: 0.026, Time: 0.025, Cons: 0.004, s/b: 1.466
Saving checkpoint to results/dualmic_sim2/g_00010500.pth
Complete.
Saving checkpoint to results/dualmic_sim2/do_00010500.pth
Complete.
valid: PESQ 3.916, Mag 0.0057, Pha 1.2897. Best PESQ 4.157 at step 6000
Error computing PESQ score: b'No utterances detected'
Error computing PESQ score: b'No utterances detected'
Error computing PESQ score: b'No utterances detected'
Steps : 10510, Gen: 0.360, Disc: 0.000, Metric: 0.000, Mag: 0.005, Pha: 1.146, Com: 0.024, Time: 0.028, Cons: 0.004, s/b: 1.461
Steps : 10520, Gen: 0.381, Disc: 0.000, Metric: 0.005, Mag: 0.006, Pha: 1.213, Com: 0.031, Time: 0.026, Cons: 0.004, s/b: 1.465
Steps : 10530, Gen: 0.400, Disc: 0.000, Metric: 0.006, Mag: 0.008, Pha: 1.258, Com: 0.038, Time: 0.033, Cons: 0.005, s/b: 1.445
Steps : 10540, Gen: 0.401, Disc: 0.000, Metric: 0.004, Mag: 0.006, Pha: 1.279, Com: 0.032, Time: 0.025, Cons: 0.004, s/b: 1.445
Steps : 10550, Gen: 0.386, Disc: 0.000, Metric: 0.005, Mag: 0.006, Pha: 1.234, Com: 0.028, Time: 0.021, Cons: 0.004, s/b: 1.469
Steps : 10560, Gen: 0.414, Disc: 0.001, Metric: 0.001, Mag: 0.008, Pha: 1.308, Com: 0.035, Time: 0.036, Cons: 0.005, s/b: 1.461
Steps : 10570, Gen: 0.433, Disc: 0.000, Metric: 0.004, Mag: 0.007, Pha: 1.376, Com: 0.038, Time: 0.027, Cons: 0.005, s/b: 1.458
Steps : 10580, Gen: 0.392, Disc: 0.002, Metric: 0.002, Mag: 0.007, Pha: 1.240, Com: 0.037, Time: 0.027, Cons: 0.004, s/b: 1.470
Time taken for epoch 10 is 1564 sec

Epoch: 11
Steps : 10590, Gen: 0.412, Disc: 0.000, Metric: 0.005, Mag: 0.008, Pha: 1.305, Com: 0.033, Time: 0.029, Cons: 0.005, s/b: 1.471
Steps : 10600, Gen: 0.361, Disc: 0.000, Metric: 0.002, Mag: 0.006, Pha: 1.144, Com: 0.028, Time: 0.030, Cons: 0.004, s/b: 1.460
Steps : 10610, Gen: 0.321, Disc: 0.000, Metric: 0.001, Mag: 0.005, Pha: 1.018, Com: 0.026, Time: 0.025, Cons: 0.004, s/b: 1.484
Steps : 10620, Gen: 0.438, Disc: 0.000, Metric: 0.008, Mag: 0.006, Pha: 1.405, Com: 0.030, Time: 0.020, Cons: 0.004, s/b: 1.466
Steps : 10630, Gen: 0.377, Disc: 0.000, Metric: 0.002, Mag: 0.007, Pha: 1.193, Com: 0.031, Time: 0.027, Cons: 0.004, s/b: 1.458
Steps : 10640, Gen: 0.424, Disc: 0.003, Metric: 0.003, Mag: 0.008, Pha: 1.336, Com: 0.042, Time: 0.034, Cons: 0.005, s/b: 1.482
Steps : 10650, Gen: 0.366, Disc: 0.001, Metric: 0.001, Mag: 0.007, Pha: 1.156, Com: 0.031, Time: 0.032, Cons: 0.005, s/b: 1.471
Steps : 10660, Gen: 0.338, Disc: 0.002, Metric: 0.002, Mag: 0.007, Pha: 1.064, Com: 0.034, Time: 0.025, Cons: 0.004, s/b: 1.470
Steps : 10670, Gen: 0.383, Disc: 0.010, Metric: 0.004, Mag: 0.007, Pha: 1.211, Com: 0.033, Time: 0.028, Cons: 0.004, s/b: 1.469
Steps : 10680, Gen: 0.380, Disc: 0.002, Metric: 0.042, Mag: 0.007, Pha: 1.196, Com: 0.030, Time: 0.029, Cons: 0.004, s/b: 1.469
Steps : 10690, Gen: 0.416, Disc: 0.000, Metric: 0.011, Mag: 0.006, Pha: 1.325, Com: 0.028, Time: 0.029, Cons: 0.004, s/b: 1.470
Steps : 10700, Gen: 0.399, Disc: 0.000, Metric: 0.009, Mag: 0.005, Pha: 1.277, Com: 0.028, Time: 0.021, Cons: 0.004, s/b: 1.463
Steps : 10710, Gen: 0.389, Disc: 0.001, Metric: 0.018, Mag: 0.007, Pha: 1.223, Com: 0.037, Time: 0.029, Cons: 0.004, s/b: 1.469
Steps : 10720, Gen: 0.394, Disc: 0.000, Metric: 0.015, Mag: 0.006, Pha: 1.257, Com: 0.029, Time: 0.024, Cons: 0.004, s/b: 1.467
Steps : 10730, Gen: 0.431, Disc: 0.000, Metric: 0.024, Mag: 0.006, Pha: 1.380, Com: 0.028, Time: 0.021, Cons: 0.004, s/b: 1.464
Steps : 10740, Gen: 0.393, Disc: 0.000, Metric: 0.018, Mag: 0.006, Pha: 1.247, Com: 0.031, Time: 0.028, Cons: 0.004, s/b: 1.469
Steps : 10750, Gen: 0.390, Disc: 0.005, Metric: 0.005, Mag: 0.007, Pha: 1.237, Com: 0.032, Time: 0.025, Cons: 0.004, s/b: 1.470
Steps : 10760, Gen: 0.389, Disc: 0.001, Metric: 0.001, Mag: 0.007, Pha: 1.231, Com: 0.031, Time: 0.030, Cons: 0.005, s/b: 1.469
Steps : 10770, Gen: 0.414, Disc: 0.000, Metric: 0.001, Mag: 0.007, Pha: 1.313, Com: 0.036, Time: 0.028, Cons: 0.005, s/b: 1.465
Steps : 10780, Gen: 0.366, Disc: 0.000, Metric: 0.000, Mag: 0.007, Pha: 1.152, Com: 0.036, Time: 0.028, Cons: 0.005, s/b: 1.445
Steps : 10790, Gen: 0.425, Disc: 0.000, Metric: 0.002, Mag: 0.007, Pha: 1.350, Com: 0.036, Time: 0.029, Cons: 0.004, s/b: 1.467
Steps : 10800, Gen: 0.424, Disc: 0.000, Metric: 0.006, Mag: 0.007, Pha: 1.353, Com: 0.031, Time: 0.025, Cons: 0.004, s/b: 1.467
Steps : 10810, Gen: 0.425, Disc: 0.000, Metric: 0.032, Mag: 0.008, Pha: 1.348, Com: 0.032, Time: 0.024, Cons: 0.005, s/b: 1.468
Steps : 10820, Gen: 0.391, Disc: 0.001, Metric: 0.001, Mag: 0.007, Pha: 1.235, Com: 0.035, Time: 0.029, Cons: 0.005, s/b: 1.469
Steps : 10830, Gen: 0.382, Disc: 0.060, Metric: 0.003, Mag: 0.006, Pha: 1.216, Com: 0.027, Time: 0.026, Cons: 0.004, s/b: 1.469
Steps : 10840, Gen: 0.425, Disc: 0.000, Metric: 0.008, Mag: 0.006, Pha: 1.357, Com: 0.031, Time: 0.026, Cons: 0.004, s/b: 1.460
Steps : 10850, Gen: 0.449, Disc: 0.000, Metric: 0.015, Mag: 0.006, Pha: 1.442, Com: 0.028, Time: 0.021, Cons: 0.004, s/b: 1.467
Steps : 10860, Gen: 0.432, Disc: 0.000, Metric: 0.010, Mag: 0.006, Pha: 1.379, Com: 0.032, Time: 0.029, Cons: 0.004, s/b: 1.465
Steps : 10870, Gen: 0.385, Disc: 0.000, Metric: 0.001, Mag: 0.007, Pha: 1.219, Com: 0.032, Time: 0.028, Cons: 0.004, s/b: 1.467
Steps : 10880, Gen: 0.350, Disc: 0.000, Metric: 0.005, Mag: 0.006, Pha: 1.107, Com: 0.029, Time: 0.028, Cons: 0.004, s/b: 1.462
Steps : 10890, Gen: 0.430, Disc: 0.000, Metric: 0.003, Mag: 0.006, Pha: 1.377, Com: 0.030, Time: 0.024, Cons: 0.004, s/b: 1.468
Steps : 10900, Gen: 0.398, Disc: 0.000, Metric: 0.003, Mag: 0.006, Pha: 1.270, Com: 0.028, Time: 0.025, Cons: 0.004, s/b: 1.469
Steps : 10910, Gen: 0.400, Disc: 0.029, Metric: 0.007, Mag: 0.005, Pha: 1.282, Com: 0.026, Time: 0.021, Cons: 0.004, s/b: 1.470
Steps : 10920, Gen: 0.385, Disc: 0.000, Metric: 0.002, Mag: 0.006, Pha: 1.225, Com: 0.028, Time: 0.027, Cons: 0.004, s/b: 1.461
Steps : 10930, Gen: 0.383, Disc: 0.000, Metric: 0.003, Mag: 0.007, Pha: 1.213, Com: 0.033, Time: 0.026, Cons: 0.004, s/b: 1.468
Steps : 10940, Gen: 0.401, Disc: 0.000, Metric: 0.002, Mag: 0.007, Pha: 1.274, Com: 0.032, Time: 0.026, Cons: 0.005, s/b: 1.467
Steps : 10950, Gen: 0.378, Disc: 0.027, Metric: 0.004, Mag: 0.007, Pha: 1.197, Com: 0.030, Time: 0.028, Cons: 0.004, s/b: 1.469
Steps : 10960, Gen: 0.420, Disc: 0.000, Metric: 0.008, Mag: 0.007, Pha: 1.335, Com: 0.034, Time: 0.028, Cons: 0.004, s/b: 1.466
Steps : 10970, Gen: 0.385, Disc: 0.000, Metric: 0.001, Mag: 0.007, Pha: 1.209, Com: 0.037, Time: 0.038, Cons: 0.005, s/b: 1.469
Steps : 10980, Gen: 0.388, Disc: 0.005, Metric: 0.011, Mag: 0.006, Pha: 1.233, Com: 0.028, Time: 0.027, Cons: 0.004, s/b: 1.470
Steps : 10990, Gen: 0.439, Disc: 0.007, Metric: 0.038, Mag: 0.007, Pha: 1.394, Com: 0.033, Time: 0.025, Cons: 0.004, s/b: 1.471
Steps : 11000, Gen: 0.409, Disc: 0.000, Metric: 0.008, Mag: 0.005, Pha: 1.311, Com: 0.025, Time: 0.025, Cons: 0.004, s/b: 1.470
Saving checkpoint to results/dualmic_sim2/g_00011000.pth
Complete.
Saving checkpoint to results/dualmic_sim2/do_00011000.pth
Complete.
valid: PESQ 3.561, Mag 0.0059, Pha 1.3185. Best PESQ 4.157 at step 6000
Error computing PESQ score: b'No utterances detected'
Error computing PESQ score: b'No utterances detected'
Error computing PESQ score: b'No utterances detected'
Error computing PESQ score: b'No utterances detected'
Error computing PESQ score: b'No utterances detected'
Steps : 11010, Gen: 0.365, Disc: 0.000, Metric: 0.002, Mag: 0.007, Pha: 1.151, Com: 0.032, Time: 0.032, Cons: 0.004, s/b: 1.447
Steps : 11020, Gen: 0.401, Disc: 0.000, Metric: 0.005, Mag: 0.005, Pha: 1.289, Com: 0.024, Time: 0.021, Cons: 0.004, s/b: 1.449
Steps : 11030, Gen: 0.391, Disc: 0.005, Metric: 0.042, Mag: 0.007, Pha: 1.233, Com: 0.027, Time: 0.033, Cons: 0.004, s/b: 1.448
Steps : 11040, Gen: 0.356, Disc: 0.000, Metric: 0.001, Mag: 0.006, Pha: 1.130, Com: 0.028, Time: 0.025, Cons: 0.004, s/b: 1.447
Steps : 11050, Gen: 0.491, Disc: 0.000, Metric: 0.021, Mag: 0.005, Pha: 1.582, Com: 0.029, Time: 0.019, Cons: 0.004, s/b: 1.470
Steps : 11060, Gen: 0.376, Disc: 0.002, Metric: 0.007, Mag: 0.006, Pha: 1.190, Com: 0.030, Time: 0.034, Cons: 0.004, s/b: 1.470
Steps : 11070, Gen: 0.392, Disc: 0.018, Metric: 0.001, Mag: 0.007, Pha: 1.241, Com: 0.036, Time: 0.028, Cons: 0.005, s/b: 1.473
Steps : 11080, Gen: 0.384, Disc: 0.001, Metric: 0.001, Mag: 0.007, Pha: 1.214, Com: 0.031, Time: 0.030, Cons: 0.005, s/b: 1.461
Steps : 11090, Gen: 0.407, Disc: 0.005, Metric: 0.010, Mag: 0.006, Pha: 1.294, Com: 0.031, Time: 0.026, Cons: 0.004, s/b: 1.637
Steps : 11100, Gen: 0.374, Disc: 0.000, Metric: 0.007, Mag: 0.007, Pha: 1.186, Com: 0.030, Time: 0.027, Cons: 0.004, s/b: 1.466
Steps : 11110, Gen: 0.388, Disc: 0.000, Metric: 0.003, Mag: 0.007, Pha: 1.226, Com: 0.038, Time: 0.027, Cons: 0.005, s/b: 1.468
Steps : 11120, Gen: 0.433, Disc: 0.000, Metric: 0.002, Mag: 0.009, Pha: 1.368, Com: 0.040, Time: 0.028, Cons: 0.005, s/b: 1.469
Steps : 11130, Gen: 0.386, Disc: 0.004, Metric: 0.008, Mag: 0.007, Pha: 1.221, Com: 0.033, Time: 0.024, Cons: 0.004, s/b: 1.466
Steps : 11140, Gen: 0.396, Disc: 0.000, Metric: 0.003, Mag: 0.007, Pha: 1.253, Com: 0.034, Time: 0.030, Cons: 0.005, s/b: 1.466
Steps : 11150, Gen: 0.388, Disc: 0.000, Metric: 0.001, Mag: 0.006, Pha: 1.232, Com: 0.031, Time: 0.028, Cons: 0.005, s/b: 1.467
Steps : 11160, Gen: 0.423, Disc: 0.000, Metric: 0.002, Mag: 0.007, Pha: 1.343, Com: 0.035, Time: 0.026, Cons: 0.005, s/b: 1.469
Steps : 11170, Gen: 0.390, Disc: 0.000, Metric: 0.005, Mag: 0.009, Pha: 1.224, Com: 0.038, Time: 0.030, Cons: 0.005, s/b: 1.469
Steps : 11180, Gen: 0.390, Disc: 0.001, Metric: 0.001, Mag: 0.007, Pha: 1.239, Com: 0.032, Time: 0.027, Cons: 0.004, s/b: 1.470
Steps : 11190, Gen: 0.391, Disc: 0.007, Metric: 0.008, Mag: 0.006, Pha: 1.244, Com: 0.031, Time: 0.022, Cons: 0.004, s/b: 1.470
Steps : 11200, Gen: 0.327, Disc: 0.001, Metric: 0.000, Mag: 0.005, Pha: 1.038, Com: 0.023, Time: 0.027, Cons: 0.004, s/b: 1.470
Steps : 11210, Gen: 0.430, Disc: 0.022, Metric: 0.029, Mag: 0.007, Pha: 1.368, Com: 0.031, Time: 0.026, Cons: 0.004, s/b: 1.471
Steps : 11220, Gen: 0.390, Disc: 0.000, Metric: 0.029, Mag: 0.006, Pha: 1.239, Com: 0.027, Time: 0.026, Cons: 0.004, s/b: 1.469
Steps : 11230, Gen: 0.400, Disc: 0.000, Metric: 0.010, Mag: 0.007, Pha: 1.261, Com: 0.037, Time: 0.028, Cons: 0.005, s/b: 1.467
Steps : 11240, Gen: 0.400, Disc: 0.000, Metric: 0.000, Mag: 0.006, Pha: 1.273, Com: 0.031, Time: 0.026, Cons: 0.004, s/b: 1.468
Steps : 11250, Gen: 0.396, Disc: 0.002, Metric: 0.009, Mag: 0.007, Pha: 1.258, Com: 0.032, Time: 0.026, Cons: 0.004, s/b: 1.469
Steps : 11260, Gen: 0.401, Disc: 0.021, Metric: 0.004, Mag: 0.008, Pha: 1.265, Com: 0.039, Time: 0.030, Cons: 0.005, s/b: 1.471
Steps : 11270, Gen: 0.412, Disc: 0.000, Metric: 0.007, Mag: 0.006, Pha: 1.316, Com: 0.029, Time: 0.027, Cons: 0.004, s/b: 1.470
Steps : 11280, Gen: 0.424, Disc: 0.011, Metric: 0.013, Mag: 0.007, Pha: 1.348, Com: 0.031, Time: 0.030, Cons: 0.004, s/b: 1.469
Steps : 11290, Gen: 0.357, Disc: 0.000, Metric: 0.000, Mag: 0.006, Pha: 1.135, Com: 0.027, Time: 0.024, Cons: 0.004, s/b: 1.467
Steps : 11300, Gen: 0.387, Disc: 0.000, Metric: 0.001, Mag: 0.006, Pha: 1.231, Com: 0.030, Time: 0.026, Cons: 0.004, s/b: 1.468
Steps : 11310, Gen: 0.349, Disc: 0.000, Metric: 0.003, Mag: 0.005, Pha: 1.108, Com: 0.026, Time: 0.028, Cons: 0.004, s/b: 1.468
Steps : 11320, Gen: 0.408, Disc: 0.000, Metric: 0.000, Mag: 0.006, Pha: 1.301, Com: 0.029, Time: 0.029, Cons: 0.004, s/b: 1.468
Steps : 11330, Gen: 0.345, Disc: 0.000, Metric: 0.000, Mag: 0.005, Pha: 1.098, Com: 0.024, Time: 0.026, Cons: 0.004, s/b: 1.469
Steps : 11340, Gen: 0.404, Disc: 0.001, Metric: 0.002, Mag: 0.006, Pha: 1.289, Com: 0.030, Time: 0.024, Cons: 0.004, s/b: 1.470
Steps : 11350, Gen: 0.399, Disc: 0.000, Metric: 0.001, Mag: 0.007, Pha: 1.265, Com: 0.034, Time: 0.029, Cons: 0.004, s/b: 1.469
Steps : 11360, Gen: 0.417, Disc: 0.000, Metric: 0.005, Mag: 0.007, Pha: 1.326, Com: 0.032, Time: 0.029, Cons: 0.004, s/b: 1.469
Steps : 11370, Gen: 0.404, Disc: 0.000, Metric: 0.001, Mag: 0.007, Pha: 1.282, Com: 0.033, Time: 0.028, Cons: 0.005, s/b: 1.467
Steps : 11380, Gen: 0.415, Disc: 0.002, Metric: 0.012, Mag: 0.008, Pha: 1.320, Com: 0.035, Time: 0.022, Cons: 0.004, s/b: 1.469
Steps : 11390, Gen: 0.347, Disc: 0.000, Metric: 0.002, Mag: 0.006, Pha: 1.101, Com: 0.027, Time: 0.025, Cons: 0.004, s/b: 1.467
Steps : 11400, Gen: 0.386, Disc: 0.003, Metric: 0.005, Mag: 0.006, Pha: 1.225, Com: 0.030, Time: 0.029, Cons: 0.004, s/b: 1.470
Steps : 11410, Gen: 0.404, Disc: 0.000, Metric: 0.002, Mag: 0.005, Pha: 1.291, Com: 0.028, Time: 0.029, Cons: 0.004, s/b: 1.468
Steps : 11420, Gen: 0.376, Disc: 0.000, Metric: 0.003, Mag: 0.006, Pha: 1.194, Com: 0.028, Time: 0.027, Cons: 0.004, s/b: 1.483
Steps : 11430, Gen: 0.435, Disc: 0.000, Metric: 0.017, Mag: 0.007, Pha: 1.383, Com: 0.036, Time: 0.025, Cons: 0.004, s/b: 1.469
Steps : 11440, Gen: 0.330, Disc: 0.001, Metric: 0.000, Mag: 0.007, Pha: 1.035, Com: 0.031, Time: 0.030, Cons: 0.004, s/b: 1.471
Steps : 11450, Gen: 0.416, Disc: 0.001, Metric: 0.018, Mag: 0.006, Pha: 1.331, Com: 0.027, Time: 0.024, Cons: 0.003, s/b: 1.470
Steps : 11460, Gen: 0.407, Disc: 0.000, Metric: 0.002, Mag: 0.005, Pha: 1.301, Com: 0.027, Time: 0.027, Cons: 0.004, s/b: 1.470
Steps : 11470, Gen: 0.385, Disc: 0.000, Metric: 0.004, Mag: 0.006, Pha: 1.228, Com: 0.029, Time: 0.022, Cons: 0.004, s/b: 1.472
Steps : 11480, Gen: 0.367, Disc: 0.000, Metric: 0.010, Mag: 0.007, Pha: 1.158, Com: 0.032, Time: 0.027, Cons: 0.005, s/b: 1.471
Steps : 11490, Gen: 0.426, Disc: 0.000, Metric: 0.003, Mag: 0.006, Pha: 1.362, Com: 0.029, Time: 0.028, Cons: 0.004, s/b: 1.469
Steps : 11500, Gen: 0.410, Disc: 0.000, Metric: 0.015, Mag: 0.005, Pha: 1.315, Com: 0.025, Time: 0.019, Cons: 0.003, s/b: 1.466
Saving checkpoint to results/dualmic_sim2/g_00011500.pth
Complete.
Saving checkpoint to results/dualmic_sim2/do_00011500.pth
Complete.
valid: PESQ 3.893, Mag 0.0060, Pha 1.1921. Best PESQ 4.157 at step 6000
Error computing PESQ score: b'No utterances detected'
Error computing PESQ score: b'No utterances detected'
Error computing PESQ score: b'No utterances detected'
Steps : 11510, Gen: 0.369, Disc: 0.000, Metric: 0.014, Mag: 0.006, Pha: 1.172, Com: 0.028, Time: 0.023, Cons: 0.004, s/b: 1.463
Steps : 11520, Gen: 0.401, Disc: 0.004, Metric: 0.007, Mag: 0.008, Pha: 1.261, Com: 0.039, Time: 0.031, Cons: 0.004, s/b: 1.468
Steps : 11530, Gen: 0.438, Disc: 0.002, Metric: 0.006, Mag: 0.006, Pha: 1.396, Com: 0.033, Time: 0.027, Cons: 0.004, s/b: 1.469
Steps : 11540, Gen: 0.415, Disc: 0.000, Metric: 0.003, Mag: 0.006, Pha: 1.321, Com: 0.031, Time: 0.032, Cons: 0.004, s/b: 1.465
Steps : 11550, Gen: 0.378, Disc: 0.016, Metric: 0.001, Mag: 0.007, Pha: 1.192, Com: 0.033, Time: 0.032, Cons: 0.005, s/b: 1.471
Steps : 11560, Gen: 0.375, Disc: 0.003, Metric: 0.001, Mag: 0.008, Pha: 1.183, Com: 0.032, Time: 0.031, Cons: 0.004, s/b: 1.469
Steps : 11570, Gen: 0.340, Disc: 0.000, Metric: 0.003, Mag: 0.007, Pha: 1.073, Com: 0.030, Time: 0.026, Cons: 0.004, s/b: 1.467
Steps : 11580, Gen: 0.408, Disc: 0.000, Metric: 0.009, Mag: 0.006, Pha: 1.295, Com: 0.032, Time: 0.028, Cons: 0.004, s/b: 1.467
Steps : 11590, Gen: 0.417, Disc: 0.002, Metric: 0.001, Mag: 0.007, Pha: 1.321, Com: 0.036, Time: 0.032, Cons: 0.005, s/b: 1.469
Steps : 11600, Gen: 0.372, Disc: 0.000, Metric: 0.006, Mag: 0.006, Pha: 1.187, Com: 0.025, Time: 0.023, Cons: 0.004, s/b: 1.467
Steps : 11610, Gen: 0.376, Disc: 0.000, Metric: 0.022, Mag: 0.006, Pha: 1.196, Com: 0.027, Time: 0.023, Cons: 0.004, s/b: 1.470
Steps : 11620, Gen: 0.367, Disc: 0.002, Metric: 0.003, Mag: 0.006, Pha: 1.162, Com: 0.029, Time: 0.029, Cons: 0.004, s/b: 1.464
Steps : 11630, Gen: 0.321, Disc: 0.001, Metric: 0.002, Mag: 0.007, Pha: 1.009, Com: 0.028, Time: 0.031, Cons: 0.004, s/b: 1.469
Steps : 11640, Gen: 0.375, Disc: 0.006, Metric: 0.011, Mag: 0.006, Pha: 1.186, Com: 0.030, Time: 0.028, Cons: 0.004, s/b: 1.469
Time taken for epoch 11 is 1567 sec

Epoch: 12
Steps : 11650, Gen: 0.435, Disc: 0.000, Metric: 0.014, Mag: 0.005, Pha: 1.394, Com: 0.027, Time: 0.025, Cons: 0.003, s/b: 1.465
Steps : 11660, Gen: 0.369, Disc: 0.001, Metric: 0.001, Mag: 0.007, Pha: 1.163, Com: 0.032, Time: 0.030, Cons: 0.005, s/b: 1.471
Steps : 11670, Gen: 0.397, Disc: 0.000, Metric: 0.006, Mag: 0.005, Pha: 1.269, Com: 0.029, Time: 0.023, Cons: 0.004, s/b: 1.470
Steps : 11680, Gen: 0.358, Disc: 0.000, Metric: 0.006, Mag: 0.006, Pha: 1.133, Com: 0.029, Time: 0.029, Cons: 0.004, s/b: 1.470
Steps : 11690, Gen: 0.385, Disc: 0.000, Metric: 0.015, Mag: 0.006, Pha: 1.229, Com: 0.027, Time: 0.021, Cons: 0.004, s/b: 1.466
Steps : 11700, Gen: 0.376, Disc: 0.002, Metric: 0.009, Mag: 0.008, Pha: 1.180, Com: 0.037, Time: 0.031, Cons: 0.005, s/b: 1.472
Steps : 11710, Gen: 0.375, Disc: 0.000, Metric: 0.007, Mag: 0.006, Pha: 1.194, Com: 0.028, Time: 0.024, Cons: 0.004, s/b: 1.468
Steps : 11720, Gen: 0.397, Disc: 0.000, Metric: 0.003, Mag: 0.005, Pha: 1.269, Com: 0.028, Time: 0.024, Cons: 0.003, s/b: 1.469
Steps : 11730, Gen: 0.369, Disc: 0.000, Metric: 0.000, Mag: 0.007, Pha: 1.164, Com: 0.033, Time: 0.031, Cons: 0.005, s/b: 1.466
Steps : 11740, Gen: 0.424, Disc: 0.000, Metric: 0.006, Mag: 0.008, Pha: 1.346, Com: 0.037, Time: 0.024, Cons: 0.005, s/b: 1.466
Steps : 11750, Gen: 0.400, Disc: 0.001, Metric: 0.001, Mag: 0.007, Pha: 1.268, Com: 0.031, Time: 0.030, Cons: 0.004, s/b: 1.469
Steps : 11760, Gen: 0.383, Disc: 0.000, Metric: 0.004, Mag: 0.006, Pha: 1.228, Com: 0.024, Time: 0.020, Cons: 0.003, s/b: 1.469
Steps : 11770, Gen: 0.431, Disc: 0.000, Metric: 0.002, Mag: 0.007, Pha: 1.368, Com: 0.037, Time: 0.028, Cons: 0.004, s/b: 1.468
Steps : 11780, Gen: 0.413, Disc: 0.000, Metric: 0.006, Mag: 0.006, Pha: 1.314, Com: 0.032, Time: 0.029, Cons: 0.004, s/b: 1.469
Steps : 11790, Gen: 0.399, Disc: 0.003, Metric: 0.001, Mag: 0.007, Pha: 1.266, Com: 0.033, Time: 0.029, Cons: 0.004, s/b: 1.471
Steps : 11800, Gen: 0.393, Disc: 0.000, Metric: 0.003, Mag: 0.006, Pha: 1.250, Com: 0.033, Time: 0.027, Cons: 0.004, s/b: 1.467
Steps : 11810, Gen: 0.351, Disc: 0.000, Metric: 0.001, Mag: 0.005, Pha: 1.120, Com: 0.023, Time: 0.028, Cons: 0.004, s/b: 1.469
Steps : 11820, Gen: 0.451, Disc: 0.000, Metric: 0.012, Mag: 0.006, Pha: 1.452, Com: 0.025, Time: 0.022, Cons: 0.004, s/b: 1.466
Steps : 11830, Gen: 0.413, Disc: 0.000, Metric: 0.003, Mag: 0.007, Pha: 1.311, Com: 0.033, Time: 0.031, Cons: 0.004, s/b: 1.467
Steps : 11840, Gen: 0.393, Disc: 0.000, Metric: 0.007, Mag: 0.006, Pha: 1.255, Com: 0.027, Time: 0.025, Cons: 0.004, s/b: 1.470
Steps : 11850, Gen: 0.393, Disc: 0.003, Metric: 0.002, Mag: 0.006, Pha: 1.251, Com: 0.033, Time: 0.024, Cons: 0.004, s/b: 1.463
Steps : 11860, Gen: 0.420, Disc: 0.074, Metric: 0.012, Mag: 0.006, Pha: 1.341, Com: 0.031, Time: 0.021, Cons: 0.004, s/b: 1.469
Steps : 11870, Gen: 0.387, Disc: 0.001, Metric: 0.001, Mag: 0.007, Pha: 1.228, Com: 0.034, Time: 0.027, Cons: 0.005, s/b: 1.470
Steps : 11880, Gen: 0.391, Disc: 0.000, Metric: 0.005, Mag: 0.006, Pha: 1.248, Com: 0.027, Time: 0.023, Cons: 0.004, s/b: 1.469
Steps : 11890, Gen: 0.315, Disc: 0.000, Metric: 0.004, Mag: 0.006, Pha: 0.998, Com: 0.025, Time: 0.026, Cons: 0.004, s/b: 1.484
Steps : 11900, Gen: 0.390, Disc: 0.000, Metric: 0.015, Mag: 0.006, Pha: 1.243, Com: 0.024, Time: 0.025, Cons: 0.004, s/b: 1.467
Steps : 11910, Gen: 0.403, Disc: 0.000, Metric: 0.003, Mag: 0.006, Pha: 1.287, Com: 0.029, Time: 0.025, Cons: 0.004, s/b: 1.468
Steps : 11920, Gen: 0.411, Disc: 0.000, Metric: 0.014, Mag: 0.005, Pha: 1.316, Com: 0.027, Time: 0.022, Cons: 0.004, s/b: 1.465
Steps : 11930, Gen: 0.428, Disc: 0.000, Metric: 0.006, Mag: 0.006, Pha: 1.372, Com: 0.031, Time: 0.022, Cons: 0.004, s/b: 1.468
Steps : 11940, Gen: 0.332, Disc: 0.000, Metric: 0.001, Mag: 0.006, Pha: 1.053, Com: 0.025, Time: 0.026, Cons: 0.004, s/b: 1.468
Steps : 11950, Gen: 0.411, Disc: 0.000, Metric: 0.005, Mag: 0.006, Pha: 1.312, Com: 0.029, Time: 0.023, Cons: 0.004, s/b: 1.466
Steps : 11960, Gen: 0.422, Disc: 0.004, Metric: 0.009, Mag: 0.006, Pha: 1.349, Com: 0.031, Time: 0.022, Cons: 0.004, s/b: 1.469
Steps : 11970, Gen: 0.399, Disc: 0.000, Metric: 0.027, Mag: 0.007, Pha: 1.261, Com: 0.031, Time: 0.027, Cons: 0.005, s/b: 1.473
Steps : 11980, Gen: 0.390, Disc: 0.000, Metric: 0.004, Mag: 0.006, Pha: 1.241, Com: 0.028, Time: 0.029, Cons: 0.004, s/b: 1.469
Steps : 11990, Gen: 0.368, Disc: 0.000, Metric: 0.009, Mag: 0.005, Pha: 1.177, Com: 0.024, Time: 0.022, Cons: 0.004, s/b: 1.466
Steps : 12000, Gen: 0.405, Disc: 0.000, Metric: 0.011, Mag: 0.007, Pha: 1.282, Com: 0.033, Time: 0.031, Cons: 0.004, s/b: 1.463
Saving checkpoint to results/dualmic_sim2/g_00012000.pth
Complete.
Saving checkpoint to results/dualmic_sim2/do_00012000.pth
Complete.
valid: PESQ 3.997, Mag 0.0059, Pha 1.1801. Best PESQ 4.157 at step 6000
Error computing PESQ score: b'No utterances detected'
Error computing PESQ score: b'No utterances detected'
Error computing PESQ score: b'No utterances detected'
Steps : 12010, Gen: 0.392, Disc: 0.000, Metric: 0.018, Mag: 0.006, Pha: 1.246, Com: 0.029, Time: 0.024, Cons: 0.004, s/b: 1.452
Steps : 12020, Gen: 0.395, Disc: 0.000, Metric: 0.005, Mag: 0.006, Pha: 1.255, Com: 0.030, Time: 0.028, Cons: 0.004, s/b: 1.444
Steps : 12030, Gen: 0.392, Disc: 0.000, Metric: 0.000, Mag: 0.006, Pha: 1.249, Com: 0.030, Time: 0.024, Cons: 0.004, s/b: 1.451
Steps : 12040, Gen: 0.367, Disc: 0.000, Metric: 0.010, Mag: 0.005, Pha: 1.166, Com: 0.025, Time: 0.032, Cons: 0.004, s/b: 1.443
Steps : 12050, Gen: 0.416, Disc: 0.000, Metric: 0.009, Mag: 0.007, Pha: 1.325, Com: 0.032, Time: 0.022, Cons: 0.004, s/b: 1.484
Steps : 12060, Gen: 0.383, Disc: 0.000, Metric: 0.000, Mag: 0.006, Pha: 1.217, Com: 0.029, Time: 0.026, Cons: 0.004, s/b: 1.469
Steps : 12070, Gen: 0.415, Disc: 0.000, Metric: 0.002, Mag: 0.006, Pha: 1.322, Com: 0.032, Time: 0.031, Cons: 0.004, s/b: 1.470
Steps : 12080, Gen: 0.421, Disc: 0.000, Metric: 0.012, Mag: 0.005, Pha: 1.351, Com: 0.028, Time: 0.021, Cons: 0.003, s/b: 1.472
Steps : 12090, Gen: 0.460, Disc: 0.000, Metric: 0.003, Mag: 0.006, Pha: 1.476, Com: 0.031, Time: 0.024, Cons: 0.004, s/b: 1.469
Steps : 12100, Gen: 0.325, Disc: 0.000, Metric: 0.001, Mag: 0.006, Pha: 1.031, Com: 0.025, Time: 0.027, Cons: 0.004, s/b: 1.469
Steps : 12110, Gen: 0.374, Disc: 0.000, Metric: 0.017, Mag: 0.008, Pha: 1.178, Com: 0.031, Time: 0.031, Cons: 0.004, s/b: 1.473
Steps : 12120, Gen: 0.429, Disc: 0.000, Metric: 0.013, Mag: 0.007, Pha: 1.363, Com: 0.034, Time: 0.026, Cons: 0.004, s/b: 1.468
Steps : 12130, Gen: 0.394, Disc: 0.000, Metric: 0.002, Mag: 0.006, Pha: 1.254, Com: 0.030, Time: 0.027, Cons: 0.004, s/b: 1.467
Steps : 12140, Gen: 0.408, Disc: 0.000, Metric: 0.001, Mag: 0.007, Pha: 1.292, Com: 0.033, Time: 0.030, Cons: 0.004, s/b: 1.468
Steps : 12150, Gen: 0.417, Disc: 0.000, Metric: 0.009, Mag: 0.006, Pha: 1.337, Com: 0.028, Time: 0.022, Cons: 0.004, s/b: 1.466
Steps : 12160, Gen: 0.378, Disc: 0.000, Metric: 0.000, Mag: 0.006, Pha: 1.203, Com: 0.028, Time: 0.026, Cons: 0.004, s/b: 1.468
Steps : 12170, Gen: 0.451, Disc: 0.000, Metric: 0.006, Mag: 0.007, Pha: 1.442, Com: 0.032, Time: 0.023, Cons: 0.004, s/b: 1.469
Steps : 12180, Gen: 0.400, Disc: 0.000, Metric: 0.005, Mag: 0.008, Pha: 1.268, Com: 0.029, Time: 0.028, Cons: 0.004, s/b: 1.467
Steps : 12190, Gen: 0.379, Disc: 0.003, Metric: 0.001, Mag: 0.007, Pha: 1.198, Com: 0.034, Time: 0.026, Cons: 0.004, s/b: 1.469
Steps : 12200, Gen: 0.391, Disc: 0.002, Metric: 0.001, Mag: 0.007, Pha: 1.239, Com: 0.032, Time: 0.032, Cons: 0.005, s/b: 1.473
Steps : 12210, Gen: 0.389, Disc: 0.000, Metric: 0.013, Mag: 0.006, Pha: 1.238, Com: 0.026, Time: 0.027, Cons: 0.004, s/b: 1.468
Steps : 12220, Gen: 0.344, Disc: 0.000, Metric: 0.005, Mag: 0.006, Pha: 1.089, Com: 0.029, Time: 0.025, Cons: 0.004, s/b: 1.467
Steps : 12230, Gen: 0.403, Disc: 0.003, Metric: 0.008, Mag: 0.007, Pha: 1.271, Com: 0.038, Time: 0.027, Cons: 0.005, s/b: 1.463
Steps : 12240, Gen: 0.413, Disc: 0.000, Metric: 0.002, Mag: 0.006, Pha: 1.323, Com: 0.027, Time: 0.024, Cons: 0.004, s/b: 1.467
Steps : 12250, Gen: 0.403, Disc: 0.000, Metric: 0.004, Mag: 0.008, Pha: 1.270, Com: 0.039, Time: 0.032, Cons: 0.005, s/b: 1.468
Steps : 12260, Gen: 0.393, Disc: 0.000, Metric: 0.018, Mag: 0.006, Pha: 1.249, Com: 0.030, Time: 0.026, Cons: 0.004, s/b: 1.448
Steps : 12270, Gen: 0.364, Disc: 0.000, Metric: 0.001, Mag: 0.007, Pha: 1.148, Com: 0.032, Time: 0.034, Cons: 0.004, s/b: 1.445
Steps : 12280, Gen: 0.354, Disc: 0.012, Metric: 0.002, Mag: 0.007, Pha: 1.113, Com: 0.035, Time: 0.029, Cons: 0.005, s/b: 1.471
Steps : 12290, Gen: 0.414, Disc: 0.000, Metric: 0.003, Mag: 0.008, Pha: 1.304, Com: 0.039, Time: 0.033, Cons: 0.005, s/b: 1.468
Steps : 12300, Gen: 0.379, Disc: 0.006, Metric: 0.007, Mag: 0.007, Pha: 1.202, Com: 0.030, Time: 0.025, Cons: 0.004, s/b: 1.471
Steps : 12310, Gen: 0.419, Disc: 0.000, Metric: 0.010, Mag: 0.008, Pha: 1.323, Com: 0.038, Time: 0.030, Cons: 0.005, s/b: 1.471
Steps : 12320, Gen: 0.436, Disc: 0.003, Metric: 0.019, Mag: 0.006, Pha: 1.396, Com: 0.029, Time: 0.022, Cons: 0.004, s/b: 1.469
Steps : 12330, Gen: 0.408, Disc: 0.000, Metric: 0.000, Mag: 0.006, Pha: 1.304, Com: 0.029, Time: 0.026, Cons: 0.004, s/b: 1.470
Steps : 12340, Gen: 0.403, Disc: 0.000, Metric: 0.004, Mag: 0.007, Pha: 1.273, Com: 0.035, Time: 0.032, Cons: 0.004, s/b: 1.458
Steps : 12350, Gen: 0.333, Disc: 0.009, Metric: 0.004, Mag: 0.006, Pha: 1.056, Com: 0.023, Time: 0.029, Cons: 0.004, s/b: 1.471
Steps : 12360, Gen: 0.408, Disc: 0.000, Metric: 0.002, Mag: 0.006, Pha: 1.298, Com: 0.033, Time: 0.026, Cons: 0.004, s/b: 1.446
Steps : 12370, Gen: 0.431, Disc: 0.000, Metric: 0.004, Mag: 0.007, Pha: 1.371, Com: 0.036, Time: 0.024, Cons: 0.004, s/b: 1.503
Steps : 12380, Gen: 0.386, Disc: 0.004, Metric: 0.006, Mag: 0.007, Pha: 1.225, Com: 0.032, Time: 0.027, Cons: 0.004, s/b: 1.470
Steps : 12390, Gen: 0.378, Disc: 0.001, Metric: 0.005, Mag: 0.007, Pha: 1.193, Com: 0.033, Time: 0.032, Cons: 0.004, s/b: 1.470
Steps : 12400, Gen: 0.425, Disc: 0.000, Metric: 0.010, Mag: 0.006, Pha: 1.358, Com: 0.032, Time: 0.025, Cons: 0.004, s/b: 1.469
Steps : 12410, Gen: 0.399, Disc: 0.000, Metric: 0.002, Mag: 0.006, Pha: 1.266, Com: 0.030, Time: 0.030, Cons: 0.004, s/b: 1.444
Steps : 12420, Gen: 0.376, Disc: 0.000, Metric: 0.002, Mag: 0.006, Pha: 1.196, Com: 0.026, Time: 0.029, Cons: 0.004, s/b: 1.468
Steps : 12430, Gen: 0.373, Disc: 0.000, Metric: 0.022, Mag: 0.006, Pha: 1.186, Com: 0.028, Time: 0.024, Cons: 0.004, s/b: 1.469
Steps : 12440, Gen: 0.401, Disc: 0.003, Metric: 0.010, Mag: 0.007, Pha: 1.269, Com: 0.036, Time: 0.028, Cons: 0.004, s/b: 1.472
Steps : 12450, Gen: 0.399, Disc: 0.000, Metric: 0.007, Mag: 0.007, Pha: 1.267, Com: 0.032, Time: 0.026, Cons: 0.004, s/b: 1.467
Steps : 12460, Gen: 0.323, Disc: 0.000, Metric: 0.001, Mag: 0.006, Pha: 1.018, Com: 0.025, Time: 0.031, Cons: 0.004, s/b: 1.468
Steps : 12470, Gen: 0.364, Disc: 0.000, Metric: 0.016, Mag: 0.006, Pha: 1.158, Com: 0.027, Time: 0.022, Cons: 0.004, s/b: 1.467
Steps : 12480, Gen: 0.425, Disc: 0.000, Metric: 0.003, Mag: 0.008, Pha: 1.348, Com: 0.035, Time: 0.029, Cons: 0.004, s/b: 1.468
Steps : 12490, Gen: 0.422, Disc: 0.000, Metric: 0.005, Mag: 0.007, Pha: 1.348, Com: 0.033, Time: 0.019, Cons: 0.004, s/b: 1.469
Steps : 12500, Gen: 0.412, Disc: 0.000, Metric: 0.029, Mag: 0.007, Pha: 1.298, Com: 0.037, Time: 0.030, Cons: 0.005, s/b: 1.450
Saving checkpoint to results/dualmic_sim2/g_00012500.pth
Complete.
Saving checkpoint to results/dualmic_sim2/do_00012500.pth
Complete.
valid: PESQ 4.077, Mag 0.0066, Pha 1.2348. Best PESQ 4.157 at step 6000
Error computing PESQ score: b'No utterances detected'
Error computing PESQ score: b'No utterances detected'
Steps : 12510, Gen: 0.418, Disc: 0.000, Metric: 0.006, Mag: 0.006, Pha: 1.329, Com: 0.031, Time: 0.031, Cons: 0.004, s/b: 1.464
Steps : 12520, Gen: 0.440, Disc: 0.002, Metric: 0.003, Mag: 0.008, Pha: 1.400, Com: 0.037, Time: 0.024, Cons: 0.004, s/b: 1.471
Steps : 12530, Gen: 0.413, Disc: 0.000, Metric: 0.001, Mag: 0.006, Pha: 1.322, Com: 0.026, Time: 0.025, Cons: 0.004, s/b: 1.468
Steps : 12540, Gen: 0.380, Disc: 0.000, Metric: 0.001, Mag: 0.006, Pha: 1.210, Com: 0.029, Time: 0.023, Cons: 0.004, s/b: 1.481
Steps : 12550, Gen: 0.381, Disc: 0.000, Metric: 0.000, Mag: 0.006, Pha: 1.216, Com: 0.027, Time: 0.026, Cons: 0.004, s/b: 1.467
Steps : 12560, Gen: 0.380, Disc: 0.000, Metric: 0.000, Mag: 0.006, Pha: 1.208, Com: 0.028, Time: 0.031, Cons: 0.004, s/b: 1.467
Steps : 12570, Gen: 0.401, Disc: 0.000, Metric: 0.028, Mag: 0.006, Pha: 1.281, Com: 0.025, Time: 0.024, Cons: 0.004, s/b: 1.468
Steps : 12580, Gen: 0.379, Disc: 0.000, Metric: 0.007, Mag: 0.007, Pha: 1.198, Com: 0.030, Time: 0.033, Cons: 0.004, s/b: 1.470
Steps : 12590, Gen: 0.411, Disc: 0.069, Metric: 0.002, Mag: 0.007, Pha: 1.300, Com: 0.032, Time: 0.037, Cons: 0.004, s/b: 1.470
Steps : 12600, Gen: 0.395, Disc: 0.000, Metric: 0.010, Mag: 0.006, Pha: 1.260, Com: 0.028, Time: 0.024, Cons: 0.004, s/b: 1.471
Steps : 12610, Gen: 0.383, Disc: 0.000, Metric: 0.004, Mag: 0.006, Pha: 1.217, Com: 0.026, Time: 0.029, Cons: 0.004, s/b: 1.485
Steps : 12620, Gen: 0.395, Disc: 0.000, Metric: 0.012, Mag: 0.007, Pha: 1.260, Com: 0.027, Time: 0.023, Cons: 0.004, s/b: 1.469
Steps : 12630, Gen: 0.381, Disc: 0.000, Metric: 0.005, Mag: 0.006, Pha: 1.213, Com: 0.028, Time: 0.025, Cons: 0.004, s/b: 1.468
Steps : 12640, Gen: 0.402, Disc: 0.000, Metric: 0.004, Mag: 0.007, Pha: 1.275, Com: 0.033, Time: 0.028, Cons: 0.004, s/b: 1.470
Steps : 12650, Gen: 0.427, Disc: 0.000, Metric: 0.008, Mag: 0.007, Pha: 1.359, Com: 0.033, Time: 0.025, Cons: 0.005, s/b: 1.468
Steps : 12660, Gen: 0.427, Disc: 0.000, Metric: 0.004, Mag: 0.007, Pha: 1.358, Com: 0.033, Time: 0.027, Cons: 0.004, s/b: 1.469
Steps : 12670, Gen: 0.350, Disc: 0.000, Metric: 0.009, Mag: 0.006, Pha: 1.107, Com: 0.027, Time: 0.027, Cons: 0.004, s/b: 1.467
Steps : 12680, Gen: 0.369, Disc: 0.000, Metric: 0.000, Mag: 0.006, Pha: 1.173, Com: 0.028, Time: 0.027, Cons: 0.004, s/b: 1.469
Steps : 12690, Gen: 0.408, Disc: 0.000, Metric: 0.007, Mag: 0.008, Pha: 1.288, Com: 0.039, Time: 0.027, Cons: 0.004, s/b: 1.463
Steps : 12700, Gen: 0.384, Disc: 0.000, Metric: 0.005, Mag: 0.005, Pha: 1.230, Com: 0.025, Time: 0.018, Cons: 0.003, s/b: 1.471
Time taken for epoch 12 is 1566 sec

Epoch: 13
Steps : 12710, Gen: 0.395, Disc: 0.000, Metric: 0.001, Mag: 0.006, Pha: 1.260, Com: 0.030, Time: 0.024, Cons: 0.004, s/b: 1.469
Steps : 12720, Gen: 0.409, Disc: 0.000, Metric: 0.002, Mag: 0.006, Pha: 1.310, Com: 0.028, Time: 0.023, Cons: 0.004, s/b: 1.469
Steps : 12730, Gen: 0.401, Disc: 0.002, Metric: 0.002, Mag: 0.008, Pha: 1.263, Com: 0.040, Time: 0.027, Cons: 0.004, s/b: 1.470
Steps : 12740, Gen: 0.417, Disc: 0.000, Metric: 0.004, Mag: 0.006, Pha: 1.331, Com: 0.033, Time: 0.023, Cons: 0.004, s/b: 1.469
Steps : 12750, Gen: 0.337, Disc: 0.016, Metric: 0.001, Mag: 0.007, Pha: 1.061, Com: 0.030, Time: 0.027, Cons: 0.004, s/b: 1.476
Steps : 12760, Gen: 0.341, Disc: 0.001, Metric: 0.003, Mag: 0.006, Pha: 1.081, Com: 0.027, Time: 0.027, Cons: 0.004, s/b: 1.621
Steps : 12770, Gen: 0.409, Disc: 0.003, Metric: 0.029, Mag: 0.007, Pha: 1.296, Com: 0.032, Time: 0.022, Cons: 0.004, s/b: 1.470
Steps : 12780, Gen: 0.361, Disc: 0.000, Metric: 0.001, Mag: 0.006, Pha: 1.140, Com: 0.030, Time: 0.033, Cons: 0.004, s/b: 1.469
Steps : 12790, Gen: 0.358, Disc: 0.000, Metric: 0.001, Mag: 0.006, Pha: 1.136, Com: 0.028, Time: 0.028, Cons: 0.004, s/b: 1.468
Steps : 12800, Gen: 0.388, Disc: 0.001, Metric: 0.002, Mag: 0.006, Pha: 1.238, Com: 0.029, Time: 0.023, Cons: 0.004, s/b: 1.464
Steps : 12810, Gen: 0.407, Disc: 0.001, Metric: 0.007, Mag: 0.006, Pha: 1.298, Com: 0.029, Time: 0.026, Cons: 0.004, s/b: 1.485
Steps : 12820, Gen: 0.369, Disc: 0.000, Metric: 0.006, Mag: 0.006, Pha: 1.170, Com: 0.029, Time: 0.028, Cons: 0.004, s/b: 1.462
Steps : 12830, Gen: 0.376, Disc: 0.000, Metric: 0.000, Mag: 0.006, Pha: 1.190, Com: 0.030, Time: 0.031, Cons: 0.005, s/b: 1.469
Steps : 12840, Gen: 0.372, Disc: 0.000, Metric: 0.005, Mag: 0.006, Pha: 1.185, Com: 0.026, Time: 0.026, Cons: 0.004, s/b: 1.467
Steps : 12850, Gen: 0.396, Disc: 0.000, Metric: 0.001, Mag: 0.007, Pha: 1.252, Com: 0.036, Time: 0.029, Cons: 0.005, s/b: 1.468
Steps : 12860, Gen: 0.414, Disc: 0.000, Metric: 0.003, Mag: 0.007, Pha: 1.318, Com: 0.031, Time: 0.027, Cons: 0.004, s/b: 1.452
Steps : 12870, Gen: 0.381, Disc: 0.014, Metric: 0.054, Mag: 0.006, Pha: 1.210, Com: 0.023, Time: 0.023, Cons: 0.004, s/b: 1.470
Steps : 12880, Gen: 0.383, Disc: 0.001, Metric: 0.001, Mag: 0.006, Pha: 1.220, Com: 0.029, Time: 0.025, Cons: 0.004, s/b: 1.467
Steps : 12890, Gen: 0.390, Disc: 0.000, Metric: 0.003, Mag: 0.005, Pha: 1.250, Com: 0.024, Time: 0.023, Cons: 0.003, s/b: 1.453
Steps : 12900, Gen: 0.364, Disc: 0.000, Metric: 0.000, Mag: 0.006, Pha: 1.160, Com: 0.028, Time: 0.024, Cons: 0.004, s/b: 1.462
Steps : 12910, Gen: 0.364, Disc: 0.000, Metric: 0.001, Mag: 0.005, Pha: 1.159, Com: 0.025, Time: 0.026, Cons: 0.004, s/b: 1.467
Steps : 12920, Gen: 0.368, Disc: 0.000, Metric: 0.002, Mag: 0.007, Pha: 1.163, Com: 0.032, Time: 0.029, Cons: 0.004, s/b: 1.468
Steps : 12930, Gen: 0.405, Disc: 0.020, Metric: 0.003, Mag: 0.006, Pha: 1.289, Com: 0.031, Time: 0.027, Cons: 0.004, s/b: 1.447
Steps : 12940, Gen: 0.407, Disc: 0.020, Metric: 0.010, Mag: 0.007, Pha: 1.295, Com: 0.030, Time: 0.025, Cons: 0.004, s/b: 1.472
Steps : 12950, Gen: 0.343, Disc: 0.000, Metric: 0.003, Mag: 0.006, Pha: 1.086, Com: 0.028, Time: 0.029, Cons: 0.004, s/b: 1.469
Steps : 12960, Gen: 0.388, Disc: 0.000, Metric: 0.001, Mag: 0.006, Pha: 1.236, Com: 0.026, Time: 0.030, Cons: 0.004, s/b: 1.469
Steps : 12970, Gen: 0.366, Disc: 0.000, Metric: 0.000, Mag: 0.006, Pha: 1.165, Com: 0.026, Time: 0.028, Cons: 0.004, s/b: 1.471
Steps : 12980, Gen: 0.385, Disc: 0.013, Metric: 0.002, Mag: 0.006, Pha: 1.225, Com: 0.031, Time: 0.024, Cons: 0.004, s/b: 1.473
Steps : 12990, Gen: 0.373, Disc: 0.000, Metric: 0.002, Mag: 0.006, Pha: 1.188, Com: 0.030, Time: 0.022, Cons: 0.004, s/b: 1.469
Steps : 13000, Gen: 0.380, Disc: 0.000, Metric: 0.002, Mag: 0.006, Pha: 1.210, Com: 0.028, Time: 0.026, Cons: 0.004, s/b: 1.469
Saving checkpoint to results/dualmic_sim2/g_00013000.pth
Complete.
Saving checkpoint to results/dualmic_sim2/do_00013000.pth
Complete.
valid: PESQ 3.806, Mag 0.0055, Pha 1.2942. Best PESQ 4.157 at step 6000
Error computing PESQ score: b'No utterances detected'
Error computing PESQ score: b'No utterances detected'
Error computing PESQ score: b'No utterances detected'
Steps : 13010, Gen: 0.385, Disc: 0.000, Metric: 0.004, Mag: 0.007, Pha: 1.217, Com: 0.037, Time: 0.026, Cons: 0.004, s/b: 1.468
Steps : 13020, Gen: 0.419, Disc: 0.012, Metric: 0.014, Mag: 0.006, Pha: 1.334, Com: 0.032, Time: 0.027, Cons: 0.004, s/b: 1.474
Steps : 13030, Gen: 0.360, Disc: 0.001, Metric: 0.005, Mag: 0.005, Pha: 1.151, Com: 0.024, Time: 0.024, Cons: 0.004, s/b: 1.478
Steps : 13040, Gen: 0.421, Disc: 0.000, Metric: 0.002, Mag: 0.008, Pha: 1.327, Com: 0.043, Time: 0.026, Cons: 0.005, s/b: 1.467
Steps : 13050, Gen: 0.410, Disc: 0.000, Metric: 0.003, Mag: 0.006, Pha: 1.308, Com: 0.032, Time: 0.023, Cons: 0.004, s/b: 1.467
Steps : 13060, Gen: 0.372, Disc: 0.000, Metric: 0.003, Mag: 0.006, Pha: 1.182, Com: 0.025, Time: 0.029, Cons: 0.004, s/b: 1.467
Steps : 13070, Gen: 0.359, Disc: 0.001, Metric: 0.000, Mag: 0.007, Pha: 1.133, Com: 0.033, Time: 0.030, Cons: 0.004, s/b: 1.469
Steps : 13080, Gen: 0.373, Disc: 0.009, Metric: 0.024, Mag: 0.006, Pha: 1.183, Com: 0.027, Time: 0.026, Cons: 0.004, s/b: 1.469
Steps : 13090, Gen: 0.408, Disc: 0.000, Metric: 0.003, Mag: 0.006, Pha: 1.305, Com: 0.027, Time: 0.025, Cons: 0.004, s/b: 1.467
Steps : 13100, Gen: 0.385, Disc: 0.016, Metric: 0.021, Mag: 0.007, Pha: 1.216, Com: 0.034, Time: 0.027, Cons: 0.005, s/b: 1.469
Steps : 13110, Gen: 0.395, Disc: 0.000, Metric: 0.001, Mag: 0.006, Pha: 1.253, Com: 0.029, Time: 0.032, Cons: 0.004, s/b: 1.466
Steps : 13120, Gen: 0.414, Disc: 0.000, Metric: 0.001, Mag: 0.007, Pha: 1.313, Com: 0.037, Time: 0.029, Cons: 0.004, s/b: 1.473
Steps : 13130, Gen: 0.383, Disc: 0.000, Metric: 0.002, Mag: 0.007, Pha: 1.210, Com: 0.033, Time: 0.029, Cons: 0.005, s/b: 1.469
Steps : 13140, Gen: 0.380, Disc: 0.001, Metric: 0.000, Mag: 0.007, Pha: 1.201, Com: 0.033, Time: 0.031, Cons: 0.005, s/b: 1.473
Steps : 13150, Gen: 0.400, Disc: 0.000, Metric: 0.001, Mag: 0.007, Pha: 1.270, Com: 0.034, Time: 0.029, Cons: 0.005, s/b: 1.470
Steps : 13160, Gen: 0.410, Disc: 0.000, Metric: 0.008, Mag: 0.005, Pha: 1.312, Com: 0.028, Time: 0.024, Cons: 0.004, s/b: 1.445
Steps : 13170, Gen: 0.426, Disc: 0.000, Metric: 0.009, Mag: 0.008, Pha: 1.350, Com: 0.034, Time: 0.026, Cons: 0.004, s/b: 1.446
Steps : 13180, Gen: 0.417, Disc: 0.000, Metric: 0.007, Mag: 0.006, Pha: 1.337, Com: 0.029, Time: 0.021, Cons: 0.004, s/b: 1.469
Steps : 13190, Gen: 0.375, Disc: 0.000, Metric: 0.003, Mag: 0.004, Pha: 1.209, Com: 0.020, Time: 0.019, Cons: 0.003, s/b: 1.470
Steps : 13200, Gen: 0.406, Disc: 0.000, Metric: 0.000, Mag: 0.008, Pha: 1.279, Com: 0.037, Time: 0.032, Cons: 0.005, s/b: 1.471
Steps : 13210, Gen: 0.365, Disc: 0.003, Metric: 0.001, Mag: 0.006, Pha: 1.158, Com: 0.030, Time: 0.027, Cons: 0.004, s/b: 1.470
Steps : 13220, Gen: 0.372, Disc: 0.000, Metric: 0.000, Mag: 0.007, Pha: 1.174, Com: 0.033, Time: 0.029, Cons: 0.004, s/b: 1.469
Steps : 13230, Gen: 0.356, Disc: 0.001, Metric: 0.000, Mag: 0.007, Pha: 1.125, Com: 0.031, Time: 0.028, Cons: 0.004, s/b: 1.470
Steps : 13240, Gen: 0.371, Disc: 0.000, Metric: 0.002, Mag: 0.006, Pha: 1.178, Com: 0.026, Time: 0.030, Cons: 0.004, s/b: 1.468
Steps : 13250, Gen: 0.340, Disc: 0.000, Metric: 0.001, Mag: 0.005, Pha: 1.083, Com: 0.024, Time: 0.025, Cons: 0.004, s/b: 1.471
Steps : 13260, Gen: 0.392, Disc: 0.000, Metric: 0.020, Mag: 0.005, Pha: 1.252, Com: 0.026, Time: 0.023, Cons: 0.003, s/b: 1.470
Steps : 13270, Gen: 0.404, Disc: 0.001, Metric: 0.009, Mag: 0.006, Pha: 1.286, Com: 0.026, Time: 0.030, Cons: 0.004, s/b: 1.472
Steps : 13280, Gen: 0.442, Disc: 0.000, Metric: 0.007, Mag: 0.007, Pha: 1.408, Com: 0.034, Time: 0.025, Cons: 0.004, s/b: 1.469
Steps : 13290, Gen: 0.364, Disc: 0.001, Metric: 0.001, Mag: 0.006, Pha: 1.157, Com: 0.026, Time: 0.027, Cons: 0.004, s/b: 1.470
Steps : 13300, Gen: 0.392, Disc: 0.000, Metric: 0.001, Mag: 0.008, Pha: 1.240, Com: 0.035, Time: 0.026, Cons: 0.004, s/b: 1.467
Steps : 13310, Gen: 0.383, Disc: 0.010, Metric: 0.007, Mag: 0.005, Pha: 1.227, Com: 0.025, Time: 0.020, Cons: 0.003, s/b: 1.470
Steps : 13320, Gen: 0.319, Disc: 0.020, Metric: 0.001, Mag: 0.006, Pha: 1.002, Com: 0.027, Time: 0.033, Cons: 0.004, s/b: 1.470
Steps : 13330, Gen: 0.387, Disc: 0.002, Metric: 0.008, Mag: 0.007, Pha: 1.222, Com: 0.032, Time: 0.029, Cons: 0.004, s/b: 1.487
Steps : 13340, Gen: 0.389, Disc: 0.010, Metric: 0.005, Mag: 0.007, Pha: 1.232, Com: 0.033, Time: 0.027, Cons: 0.005, s/b: 1.471
Steps : 13350, Gen: 0.416, Disc: 0.000, Metric: 0.010, Mag: 0.006, Pha: 1.332, Com: 0.031, Time: 0.020, Cons: 0.003, s/b: 1.460
Steps : 13360, Gen: 0.387, Disc: 0.003, Metric: 0.005, Mag: 0.007, Pha: 1.228, Com: 0.034, Time: 0.025, Cons: 0.004, s/b: 1.471
Steps : 13370, Gen: 0.420, Disc: 0.000, Metric: 0.006, Mag: 0.007, Pha: 1.339, Com: 0.031, Time: 0.022, Cons: 0.004, s/b: 1.467
Steps : 13380, Gen: 0.353, Disc: 0.005, Metric: 0.003, Mag: 0.006, Pha: 1.122, Com: 0.028, Time: 0.024, Cons: 0.004, s/b: 1.472
Steps : 13390, Gen: 0.413, Disc: 0.006, Metric: 0.006, Mag: 0.007, Pha: 1.316, Com: 0.036, Time: 0.021, Cons: 0.004, s/b: 1.471
Steps : 13400, Gen: 0.367, Disc: 0.000, Metric: 0.008, Mag: 0.005, Pha: 1.172, Com: 0.024, Time: 0.022, Cons: 0.004, s/b: 1.462
Steps : 13410, Gen: 0.358, Disc: 0.002, Metric: 0.008, Mag: 0.005, Pha: 1.144, Com: 0.025, Time: 0.023, Cons: 0.003, s/b: 1.470
Steps : 13420, Gen: 0.385, Disc: 0.004, Metric: 0.008, Mag: 0.006, Pha: 1.227, Com: 0.029, Time: 0.025, Cons: 0.004, s/b: 1.471
Steps : 13430, Gen: 0.377, Disc: 0.000, Metric: 0.002, Mag: 0.007, Pha: 1.195, Com: 0.029, Time: 0.027, Cons: 0.004, s/b: 1.468
Steps : 13440, Gen: 0.360, Disc: 0.000, Metric: 0.007, Mag: 0.009, Pha: 1.128, Com: 0.034, Time: 0.029, Cons: 0.005, s/b: 1.462
Steps : 13450, Gen: 0.347, Disc: 0.000, Metric: 0.016, Mag: 0.005, Pha: 1.106, Com: 0.023, Time: 0.023, Cons: 0.003, s/b: 1.447
Steps : 13460, Gen: 0.390, Disc: 0.000, Metric: 0.005, Mag: 0.007, Pha: 1.237, Com: 0.031, Time: 0.027, Cons: 0.004, s/b: 1.447
Steps : 13470, Gen: 0.363, Disc: 0.000, Metric: 0.004, Mag: 0.006, Pha: 1.154, Com: 0.027, Time: 0.028, Cons: 0.004, s/b: 1.450
Steps : 13480, Gen: 0.391, Disc: 0.000, Metric: 0.002, Mag: 0.007, Pha: 1.242, Com: 0.033, Time: 0.024, Cons: 0.004, s/b: 1.449
Steps : 13490, Gen: 0.401, Disc: 0.000, Metric: 0.000, Mag: 0.007, Pha: 1.271, Com: 0.035, Time: 0.026, Cons: 0.004, s/b: 1.448
Steps : 13500, Gen: 0.386, Disc: 0.000, Metric: 0.002, Mag: 0.007, Pha: 1.221, Com: 0.034, Time: 0.029, Cons: 0.004, s/b: 1.447
Saving checkpoint to results/dualmic_sim2/g_00013500.pth
Complete.
Saving checkpoint to results/dualmic_sim2/do_00013500.pth
Complete.
valid: PESQ 3.957, Mag 0.0054, Pha 1.2526. Best PESQ 4.157 at step 6000
Error computing PESQ score: b'No utterances detected'
Error computing PESQ score: b'No utterances detected'
Error computing PESQ score: b'No utterances detected'
Steps : 13510, Gen: 0.387, Disc: 0.000, Metric: 0.001, Mag: 0.006, Pha: 1.235, Com: 0.029, Time: 0.024, Cons: 0.004, s/b: 1.473
Steps : 13520, Gen: 0.418, Disc: 0.000, Metric: 0.012, Mag: 0.006, Pha: 1.332, Com: 0.030, Time: 0.027, Cons: 0.004, s/b: 1.469
Steps : 13530, Gen: 0.395, Disc: 0.015, Metric: 0.002, Mag: 0.007, Pha: 1.253, Com: 0.032, Time: 0.030, Cons: 0.004, s/b: 1.470
Steps : 13540, Gen: 0.439, Disc: 0.002, Metric: 0.015, Mag: 0.007, Pha: 1.399, Com: 0.034, Time: 0.024, Cons: 0.004, s/b: 1.472
Steps : 13550, Gen: 0.432, Disc: 0.000, Metric: 0.011, Mag: 0.007, Pha: 1.368, Com: 0.035, Time: 0.033, Cons: 0.004, s/b: 1.465
Steps : 13560, Gen: 0.393, Disc: 0.000, Metric: 0.001, Mag: 0.006, Pha: 1.251, Com: 0.029, Time: 0.029, Cons: 0.004, s/b: 1.458
Steps : 13570, Gen: 0.364, Disc: 0.000, Metric: 0.001, Mag: 0.005, Pha: 1.163, Com: 0.022, Time: 0.027, Cons: 0.003, s/b: 1.469
Steps : 13580, Gen: 0.409, Disc: 0.002, Metric: 0.001, Mag: 0.007, Pha: 1.290, Com: 0.040, Time: 0.033, Cons: 0.005, s/b: 1.470
Steps : 13590, Gen: 0.406, Disc: 0.000, Metric: 0.001, Mag: 0.007, Pha: 1.292, Com: 0.031, Time: 0.028, Cons: 0.004, s/b: 1.460
Steps : 13600, Gen: 0.347, Disc: 0.000, Metric: 0.001, Mag: 0.007, Pha: 1.089, Com: 0.031, Time: 0.030, Cons: 0.005, s/b: 1.468
Steps : 13610, Gen: 0.385, Disc: 0.000, Metric: 0.008, Mag: 0.006, Pha: 1.220, Com: 0.032, Time: 0.026, Cons: 0.004, s/b: 1.468
Steps : 13620, Gen: 0.365, Disc: 0.000, Metric: 0.001, Mag: 0.005, Pha: 1.172, Com: 0.022, Time: 0.020, Cons: 0.003, s/b: 1.470
Steps : 13630, Gen: 0.346, Disc: 0.000, Metric: 0.005, Mag: 0.006, Pha: 1.093, Com: 0.025, Time: 0.030, Cons: 0.004, s/b: 1.468
Steps : 13640, Gen: 0.374, Disc: 0.000, Metric: 0.001, Mag: 0.005, Pha: 1.193, Com: 0.025, Time: 0.027, Cons: 0.004, s/b: 1.467
Steps : 13650, Gen: 0.350, Disc: 0.000, Metric: 0.000, Mag: 0.005, Pha: 1.113, Com: 0.024, Time: 0.029, Cons: 0.004, s/b: 1.470
Steps : 13660, Gen: 0.357, Disc: 0.000, Metric: 0.001, Mag: 0.006, Pha: 1.128, Com: 0.030, Time: 0.028, Cons: 0.004, s/b: 1.469
Steps : 13670, Gen: 0.359, Disc: 0.001, Metric: 0.002, Mag: 0.007, Pha: 1.132, Com: 0.030, Time: 0.033, Cons: 0.004, s/b: 1.470
Steps : 13680, Gen: 0.385, Disc: 0.000, Metric: 0.000, Mag: 0.006, Pha: 1.223, Com: 0.029, Time: 0.032, Cons: 0.004, s/b: 1.472
Steps : 13690, Gen: 0.360, Disc: 0.000, Metric: 0.000, Mag: 0.006, Pha: 1.143, Com: 0.028, Time: 0.028, Cons: 0.004, s/b: 1.471
Steps : 13700, Gen: 0.372, Disc: 0.000, Metric: 0.000, Mag: 0.007, Pha: 1.175, Com: 0.034, Time: 0.028, Cons: 0.005, s/b: 1.467
Steps : 13710, Gen: 0.380, Disc: 0.000, Metric: 0.001, Mag: 0.006, Pha: 1.210, Com: 0.025, Time: 0.028, Cons: 0.004, s/b: 1.471
Steps : 13720, Gen: 0.391, Disc: 0.000, Metric: 0.004, Mag: 0.007, Pha: 1.237, Com: 0.033, Time: 0.029, Cons: 0.004, s/b: 1.448
Steps : 13730, Gen: 0.397, Disc: 0.001, Metric: 0.001, Mag: 0.007, Pha: 1.260, Com: 0.033, Time: 0.028, Cons: 0.004, s/b: 1.469
Steps : 13740, Gen: 0.410, Disc: 0.000, Metric: 0.010, Mag: 0.006, Pha: 1.310, Com: 0.027, Time: 0.024, Cons: 0.004, s/b: 1.468
Steps : 13750, Gen: 0.403, Disc: 0.000, Metric: 0.010, Mag: 0.007, Pha: 1.284, Com: 0.031, Time: 0.025, Cons: 0.004, s/b: 1.470
Steps : 13760, Gen: 0.352, Disc: 0.001, Metric: 0.006, Mag: 0.006, Pha: 1.117, Com: 0.027, Time: 0.027, Cons: 0.004, s/b: 1.446
Time taken for epoch 13 is 1566 sec

Epoch: 14
Steps : 13770, Gen: 0.409, Disc: 0.000, Metric: 0.006, Mag: 0.007, Pha: 1.297, Com: 0.035, Time: 0.031, Cons: 0.004, s/b: 1.444
Steps : 13780, Gen: 0.394, Disc: 0.000, Metric: 0.001, Mag: 0.007, Pha: 1.248, Com: 0.033, Time: 0.027, Cons: 0.004, s/b: 1.469
Steps : 13790, Gen: 0.401, Disc: 0.000, Metric: 0.001, Mag: 0.006, Pha: 1.280, Com: 0.029, Time: 0.024, Cons: 0.004, s/b: 1.467
Steps : 13800, Gen: 0.337, Disc: 0.000, Metric: 0.004, Mag: 0.005, Pha: 1.071, Com: 0.025, Time: 0.027, Cons: 0.004, s/b: 1.470
Steps : 13810, Gen: 0.369, Disc: 0.006, Metric: 0.019, Mag: 0.006, Pha: 1.165, Com: 0.028, Time: 0.032, Cons: 0.005, s/b: 1.624
Steps : 13820, Gen: 0.405, Disc: 0.000, Metric: 0.007, Mag: 0.007, Pha: 1.279, Com: 0.039, Time: 0.029, Cons: 0.005, s/b: 1.469
Steps : 13830, Gen: 0.381, Disc: 0.000, Metric: 0.003, Mag: 0.006, Pha: 1.215, Com: 0.026, Time: 0.026, Cons: 0.004, s/b: 1.472
Steps : 13840, Gen: 0.363, Disc: 0.000, Metric: 0.007, Mag: 0.007, Pha: 1.143, Com: 0.033, Time: 0.026, Cons: 0.005, s/b: 1.484
Steps : 13850, Gen: 0.414, Disc: 0.005, Metric: 0.053, Mag: 0.007, Pha: 1.315, Com: 0.029, Time: 0.021, Cons: 0.004, s/b: 1.471
Steps : 13860, Gen: 0.409, Disc: 0.000, Metric: 0.046, Mag: 0.007, Pha: 1.297, Com: 0.027, Time: 0.026, Cons: 0.004, s/b: 1.470
Steps : 13870, Gen: 0.394, Disc: 0.000, Metric: 0.002, Mag: 0.006, Pha: 1.255, Com: 0.029, Time: 0.026, Cons: 0.004, s/b: 1.468
Steps : 13880, Gen: 0.421, Disc: 0.015, Metric: 0.027, Mag: 0.007, Pha: 1.336, Com: 0.034, Time: 0.025, Cons: 0.005, s/b: 1.469
Steps : 13890, Gen: 0.357, Disc: 0.000, Metric: 0.001, Mag: 0.006, Pha: 1.135, Com: 0.029, Time: 0.024, Cons: 0.004, s/b: 1.465
Steps : 13900, Gen: 0.419, Disc: 0.000, Metric: 0.002, Mag: 0.006, Pha: 1.341, Com: 0.029, Time: 0.025, Cons: 0.004, s/b: 1.469
Steps : 13910, Gen: 0.400, Disc: 0.000, Metric: 0.000, Mag: 0.006, Pha: 1.272, Com: 0.031, Time: 0.028, Cons: 0.004, s/b: 1.468
Steps : 13920, Gen: 0.382, Disc: 0.000, Metric: 0.003, Mag: 0.006, Pha: 1.213, Com: 0.029, Time: 0.031, Cons: 0.004, s/b: 1.467
Steps : 13930, Gen: 0.363, Disc: 0.000, Metric: 0.006, Mag: 0.004, Pha: 1.165, Com: 0.022, Time: 0.022, Cons: 0.003, s/b: 1.468
Steps : 13940, Gen: 0.429, Disc: 0.000, Metric: 0.007, Mag: 0.006, Pha: 1.367, Com: 0.031, Time: 0.029, Cons: 0.004, s/b: 1.461
Steps : 13950, Gen: 0.420, Disc: 0.000, Metric: 0.000, Mag: 0.006, Pha: 1.338, Com: 0.034, Time: 0.025, Cons: 0.004, s/b: 1.467
Steps : 13960, Gen: 0.388, Disc: 0.000, Metric: 0.005, Mag: 0.005, Pha: 1.244, Com: 0.024, Time: 0.026, Cons: 0.003, s/b: 1.466
Steps : 13970, Gen: 0.418, Disc: 0.000, Metric: 0.006, Mag: 0.006, Pha: 1.338, Com: 0.029, Time: 0.022, Cons: 0.004, s/b: 1.468
Steps : 13980, Gen: 0.351, Disc: 0.000, Metric: 0.002, Mag: 0.006, Pha: 1.112, Com: 0.029, Time: 0.028, Cons: 0.004, s/b: 1.482
Steps : 13990, Gen: 0.342, Disc: 0.000, Metric: 0.000, Mag: 0.006, Pha: 1.082, Com: 0.028, Time: 0.027, Cons: 0.004, s/b: 1.467
Steps : 14000, Gen: 0.404, Disc: 0.000, Metric: 0.000, Mag: 0.005, Pha: 1.296, Com: 0.026, Time: 0.023, Cons: 0.004, s/b: 1.469
Saving checkpoint to results/dualmic_sim2/g_00014000.pth
Complete.
Saving checkpoint to results/dualmic_sim2/do_00014000.pth
Complete.
valid: PESQ 4.026, Mag 0.0064, Pha 1.1857. Best PESQ 4.157 at step 6000
Error computing PESQ score: b'No utterances detected'
Error computing PESQ score: b'No utterances detected'
Steps : 14010, Gen: 0.388, Disc: 0.001, Metric: 0.010, Mag: 0.007, Pha: 1.234, Com: 0.028, Time: 0.027, Cons: 0.004, s/b: 1.472
Steps : 14020, Gen: 0.363, Disc: 0.000, Metric: 0.004, Mag: 0.006, Pha: 1.158, Com: 0.027, Time: 0.020, Cons: 0.003, s/b: 1.468
Steps : 14030, Gen: 0.404, Disc: 0.000, Metric: 0.001, Mag: 0.005, Pha: 1.295, Com: 0.028, Time: 0.020, Cons: 0.004, s/b: 1.459
Steps : 14040, Gen: 0.364, Disc: 0.000, Metric: 0.001, Mag: 0.006, Pha: 1.151, Com: 0.032, Time: 0.029, Cons: 0.004, s/b: 1.472
Steps : 14050, Gen: 0.477, Disc: 0.000, Metric: 0.007, Mag: 0.007, Pha: 1.528, Com: 0.033, Time: 0.024, Cons: 0.004, s/b: 1.470
Steps : 14060, Gen: 0.365, Disc: 0.000, Metric: 0.004, Mag: 0.006, Pha: 1.158, Com: 0.028, Time: 0.028, Cons: 0.004, s/b: 1.470
Steps : 14070, Gen: 0.410, Disc: 0.000, Metric: 0.014, Mag: 0.006, Pha: 1.306, Com: 0.032, Time: 0.025, Cons: 0.004, s/b: 1.470
Steps : 14080, Gen: 0.394, Disc: 0.000, Metric: 0.009, Mag: 0.005, Pha: 1.261, Com: 0.026, Time: 0.023, Cons: 0.004, s/b: 1.469
Steps : 14090, Gen: 0.355, Disc: 0.000, Metric: 0.002, Mag: 0.006, Pha: 1.130, Com: 0.025, Time: 0.024, Cons: 0.004, s/b: 1.467
Steps : 14100, Gen: 0.404, Disc: 0.000, Metric: 0.007, Mag: 0.007, Pha: 1.284, Com: 0.035, Time: 0.023, Cons: 0.004, s/b: 1.467
Steps : 14110, Gen: 0.406, Disc: 0.000, Metric: 0.029, Mag: 0.007, Pha: 1.288, Com: 0.033, Time: 0.023, Cons: 0.004, s/b: 1.470
Steps : 14120, Gen: 0.409, Disc: 0.001, Metric: 0.009, Mag: 0.006, Pha: 1.305, Com: 0.029, Time: 0.024, Cons: 0.004, s/b: 1.471
Steps : 14130, Gen: 0.363, Disc: 0.041, Metric: 0.001, Mag: 0.006, Pha: 1.154, Com: 0.026, Time: 0.026, Cons: 0.004, s/b: 1.470
Steps : 14140, Gen: 0.406, Disc: 0.000, Metric: 0.001, Mag: 0.007, Pha: 1.291, Com: 0.032, Time: 0.027, Cons: 0.004, s/b: 1.466
Steps : 14150, Gen: 0.369, Disc: 0.000, Metric: 0.000, Mag: 0.007, Pha: 1.166, Com: 0.034, Time: 0.026, Cons: 0.005, s/b: 1.466
Steps : 14160, Gen: 0.390, Disc: 0.000, Metric: 0.001, Mag: 0.006, Pha: 1.236, Com: 0.034, Time: 0.029, Cons: 0.004, s/b: 1.467
Steps : 14170, Gen: 0.372, Disc: 0.001, Metric: 0.001, Mag: 0.007, Pha: 1.177, Com: 0.031, Time: 0.028, Cons: 0.004, s/b: 1.471
Steps : 14180, Gen: 0.374, Disc: 0.000, Metric: 0.001, Mag: 0.006, Pha: 1.196, Com: 0.026, Time: 0.021, Cons: 0.004, s/b: 1.483
Steps : 14190, Gen: 0.444, Disc: 0.000, Metric: 0.000, Mag: 0.007, Pha: 1.416, Com: 0.034, Time: 0.027, Cons: 0.004, s/b: 1.467
Steps : 14200, Gen: 0.376, Disc: 0.000, Metric: 0.000, Mag: 0.007, Pha: 1.186, Com: 0.036, Time: 0.030, Cons: 0.004, s/b: 1.468
Steps : 14210, Gen: 0.413, Disc: 0.000, Metric: 0.003, Mag: 0.007, Pha: 1.310, Com: 0.033, Time: 0.028, Cons: 0.005, s/b: 1.460
Steps : 14220, Gen: 0.379, Disc: 0.000, Metric: 0.001, Mag: 0.008, Pha: 1.199, Com: 0.031, Time: 0.026, Cons: 0.004, s/b: 1.445
Steps : 14230, Gen: 0.343, Disc: 0.000, Metric: 0.002, Mag: 0.006, Pha: 1.086, Com: 0.028, Time: 0.026, Cons: 0.005, s/b: 1.467
Steps : 14240, Gen: 0.409, Disc: 0.000, Metric: 0.003, Mag: 0.008, Pha: 1.290, Com: 0.040, Time: 0.029, Cons: 0.005, s/b: 1.470
Steps : 14250, Gen: 0.404, Disc: 0.000, Metric: 0.001, Mag: 0.009, Pha: 1.265, Com: 0.042, Time: 0.034, Cons: 0.006, s/b: 1.468
Steps : 14260, Gen: 0.373, Disc: 0.000, Metric: 0.009, Mag: 0.006, Pha: 1.183, Com: 0.030, Time: 0.026, Cons: 0.004, s/b: 1.469
Steps : 14270, Gen: 0.406, Disc: 0.000, Metric: 0.006, Mag: 0.007, Pha: 1.288, Com: 0.033, Time: 0.029, Cons: 0.004, s/b: 1.467
Steps : 14280, Gen: 0.371, Disc: 0.000, Metric: 0.003, Mag: 0.006, Pha: 1.186, Com: 0.026, Time: 0.023, Cons: 0.004, s/b: 1.469
Steps : 14290, Gen: 0.408, Disc: 0.014, Metric: 0.008, Mag: 0.007, Pha: 1.294, Com: 0.036, Time: 0.025, Cons: 0.004, s/b: 1.469
Steps : 14300, Gen: 0.418, Disc: 0.000, Metric: 0.002, Mag: 0.007, Pha: 1.326, Com: 0.035, Time: 0.027, Cons: 0.005, s/b: 1.467
Steps : 14310, Gen: 0.393, Disc: 0.000, Metric: 0.001, Mag: 0.007, Pha: 1.243, Com: 0.034, Time: 0.028, Cons: 0.004, s/b: 1.467
Steps : 14320, Gen: 0.414, Disc: 0.000, Metric: 0.001, Mag: 0.005, Pha: 1.331, Com: 0.025, Time: 0.019, Cons: 0.003, s/b: 1.460
Steps : 14330, Gen: 0.451, Disc: 0.000, Metric: 0.011, Mag: 0.007, Pha: 1.441, Com: 0.033, Time: 0.024, Cons: 0.004, s/b: 1.467
Steps : 14340, Gen: 0.389, Disc: 0.000, Metric: 0.001, Mag: 0.006, Pha: 1.240, Com: 0.032, Time: 0.019, Cons: 0.004, s/b: 1.467
Steps : 14350, Gen: 0.380, Disc: 0.003, Metric: 0.003, Mag: 0.005, Pha: 1.220, Com: 0.023, Time: 0.019, Cons: 0.004, s/b: 1.469
Steps : 14360, Gen: 0.413, Disc: 0.000, Metric: 0.001, Mag: 0.007, Pha: 1.308, Com: 0.036, Time: 0.030, Cons: 0.005, s/b: 1.471
Steps : 14370, Gen: 0.432, Disc: 0.000, Metric: 0.001, Mag: 0.009, Pha: 1.359, Com: 0.042, Time: 0.033, Cons: 0.005, s/b: 1.469
Steps : 14380, Gen: 0.333, Disc: 0.001, Metric: 0.000, Mag: 0.006, Pha: 1.056, Com: 0.026, Time: 0.027, Cons: 0.004, s/b: 1.471
Steps : 14390, Gen: 0.379, Disc: 0.030, Metric: 0.003, Mag: 0.007, Pha: 1.201, Com: 0.036, Time: 0.024, Cons: 0.004, s/b: 1.471
Steps : 14400, Gen: 0.460, Disc: 0.000, Metric: 0.002, Mag: 0.007, Pha: 1.471, Com: 0.036, Time: 0.024, Cons: 0.004, s/b: 1.468
Steps : 14410, Gen: 0.377, Disc: 0.000, Metric: 0.025, Mag: 0.006, Pha: 1.197, Com: 0.027, Time: 0.027, Cons: 0.004, s/b: 1.469
Steps : 14420, Gen: 0.395, Disc: 0.000, Metric: 0.002, Mag: 0.007, Pha: 1.245, Com: 0.035, Time: 0.032, Cons: 0.005, s/b: 1.469
Steps : 14430, Gen: 0.376, Disc: 0.010, Metric: 0.009, Mag: 0.005, Pha: 1.201, Com: 0.025, Time: 0.023, Cons: 0.004, s/b: 1.469
Steps : 14440, Gen: 0.373, Disc: 0.001, Metric: 0.003, Mag: 0.006, Pha: 1.183, Com: 0.028, Time: 0.030, Cons: 0.004, s/b: 1.469
Steps : 14450, Gen: 0.458, Disc: 0.000, Metric: 0.008, Mag: 0.005, Pha: 1.473, Com: 0.030, Time: 0.021, Cons: 0.004, s/b: 1.466
Steps : 14460, Gen: 0.362, Disc: 0.002, Metric: 0.000, Mag: 0.007, Pha: 1.145, Com: 0.030, Time: 0.028, Cons: 0.004, s/b: 1.470
Steps : 14470, Gen: 0.358, Disc: 0.002, Metric: 0.002, Mag: 0.005, Pha: 1.142, Com: 0.025, Time: 0.023, Cons: 0.004, s/b: 1.485
Steps : 14480, Gen: 0.325, Disc: 0.000, Metric: 0.003, Mag: 0.006, Pha: 1.030, Com: 0.026, Time: 0.024, Cons: 0.003, s/b: 1.468
Steps : 14490, Gen: 0.379, Disc: 0.000, Metric: 0.011, Mag: 0.007, Pha: 1.200, Com: 0.031, Time: 0.027, Cons: 0.004, s/b: 1.467
Steps : 14500, Gen: 0.368, Disc: 0.000, Metric: 0.001, Mag: 0.006, Pha: 1.177, Com: 0.024, Time: 0.022, Cons: 0.004, s/b: 1.468
Saving checkpoint to results/dualmic_sim2/g_00014500.pth
Complete.
Saving checkpoint to results/dualmic_sim2/do_00014500.pth
Complete.
valid: PESQ 3.748, Mag 0.0064, Pha 1.1830. Best PESQ 4.157 at step 6000
Error computing PESQ score: b'No utterances detected'
Error computing PESQ score: b'No utterances detected'
Error computing PESQ score: b'No utterances detected'
Error computing PESQ score: b'No utterances detected'
Error computing PESQ score: b'No utterances detected'
Steps : 14510, Gen: 0.400, Disc: 0.012, Metric: 0.027, Mag: 0.007, Pha: 1.264, Com: 0.031, Time: 0.030, Cons: 0.004, s/b: 1.469
Steps : 14520, Gen: 0.409, Disc: 0.000, Metric: 0.001, Mag: 0.006, Pha: 1.302, Com: 0.032, Time: 0.028, Cons: 0.004, s/b: 1.500
Steps : 14530, Gen: 0.348, Disc: 0.000, Metric: 0.001, Mag: 0.006, Pha: 1.100, Com: 0.028, Time: 0.027, Cons: 0.004, s/b: 1.468
Steps : 14540, Gen: 0.379, Disc: 0.000, Metric: 0.001, Mag: 0.007, Pha: 1.197, Com: 0.035, Time: 0.029, Cons: 0.004, s/b: 1.471
Steps : 14550, Gen: 0.384, Disc: 0.000, Metric: 0.006, Mag: 0.005, Pha: 1.228, Com: 0.024, Time: 0.024, Cons: 0.003, s/b: 1.471
Steps : 14560, Gen: 0.414, Disc: 0.000, Metric: 0.007, Mag: 0.006, Pha: 1.320, Com: 0.029, Time: 0.027, Cons: 0.004, s/b: 1.470
Steps : 14570, Gen: 0.337, Disc: 0.000, Metric: 0.001, Mag: 0.005, Pha: 1.072, Com: 0.025, Time: 0.025, Cons: 0.004, s/b: 1.468
Steps : 14580, Gen: 0.380, Disc: 0.004, Metric: 0.009, Mag: 0.006, Pha: 1.213, Com: 0.031, Time: 0.019, Cons: 0.004, s/b: 1.472
Steps : 14590, Gen: 0.403, Disc: 0.000, Metric: 0.002, Mag: 0.006, Pha: 1.282, Com: 0.032, Time: 0.028, Cons: 0.004, s/b: 1.462
Steps : 14600, Gen: 0.360, Disc: 0.030, Metric: 0.004, Mag: 0.006, Pha: 1.141, Com: 0.031, Time: 0.025, Cons: 0.004, s/b: 1.487
Steps : 14610, Gen: 0.401, Disc: 0.002, Metric: 0.008, Mag: 0.006, Pha: 1.276, Com: 0.030, Time: 0.025, Cons: 0.004, s/b: 1.469
Steps : 14620, Gen: 0.400, Disc: 0.000, Metric: 0.003, Mag: 0.007, Pha: 1.272, Com: 0.030, Time: 0.026, Cons: 0.004, s/b: 1.445
Steps : 14630, Gen: 0.340, Disc: 0.002, Metric: 0.002, Mag: 0.006, Pha: 1.071, Com: 0.033, Time: 0.029, Cons: 0.004, s/b: 1.468
Steps : 14640, Gen: 0.346, Disc: 0.000, Metric: 0.000, Mag: 0.005, Pha: 1.100, Com: 0.024, Time: 0.027, Cons: 0.004, s/b: 1.451
Steps : 14650, Gen: 0.406, Disc: 0.003, Metric: 0.006, Mag: 0.007, Pha: 1.283, Com: 0.035, Time: 0.030, Cons: 0.004, s/b: 1.446
Steps : 14660, Gen: 0.383, Disc: 0.000, Metric: 0.001, Mag: 0.007, Pha: 1.210, Com: 0.036, Time: 0.029, Cons: 0.005, s/b: 1.452
Steps : 14670, Gen: 0.393, Disc: 0.004, Metric: 0.002, Mag: 0.006, Pha: 1.250, Com: 0.031, Time: 0.028, Cons: 0.004, s/b: 1.448
Steps : 14680, Gen: 0.395, Disc: 0.001, Metric: 0.002, Mag: 0.007, Pha: 1.255, Com: 0.029, Time: 0.028, Cons: 0.004, s/b: 1.448
Steps : 14690, Gen: 0.400, Disc: 0.000, Metric: 0.030, Mag: 0.006, Pha: 1.273, Com: 0.026, Time: 0.025, Cons: 0.004, s/b: 1.465
Steps : 14700, Gen: 0.431, Disc: 0.000, Metric: 0.003, Mag: 0.008, Pha: 1.369, Com: 0.038, Time: 0.026, Cons: 0.004, s/b: 1.466
Steps : 14710, Gen: 0.358, Disc: 0.000, Metric: 0.000, Mag: 0.007, Pha: 1.130, Com: 0.027, Time: 0.032, Cons: 0.004, s/b: 1.501
Steps : 14720, Gen: 0.348, Disc: 0.001, Metric: 0.004, Mag: 0.007, Pha: 1.097, Com: 0.029, Time: 0.028, Cons: 0.004, s/b: 1.471
Steps : 14730, Gen: 0.395, Disc: 0.000, Metric: 0.004, Mag: 0.006, Pha: 1.254, Com: 0.034, Time: 0.025, Cons: 0.004, s/b: 1.503
Steps : 14740, Gen: 0.373, Disc: 0.000, Metric: 0.002, Mag: 0.007, Pha: 1.175, Com: 0.035, Time: 0.030, Cons: 0.005, s/b: 1.468
Steps : 14750, Gen: 0.364, Disc: 0.000, Metric: 0.006, Mag: 0.006, Pha: 1.156, Com: 0.027, Time: 0.026, Cons: 0.004, s/b: 1.467
Steps : 14760, Gen: 0.351, Disc: 0.004, Metric: 0.008, Mag: 0.007, Pha: 1.110, Com: 0.028, Time: 0.024, Cons: 0.004, s/b: 1.488
Steps : 14770, Gen: 0.351, Disc: 0.000, Metric: 0.003, Mag: 0.005, Pha: 1.125, Com: 0.023, Time: 0.019, Cons: 0.003, s/b: 1.471
Steps : 14780, Gen: 0.472, Disc: 0.000, Metric: 0.010, Mag: 0.006, Pha: 1.515, Com: 0.034, Time: 0.019, Cons: 0.004, s/b: 1.447
Steps : 14790, Gen: 0.422, Disc: 0.001, Metric: 0.001, Mag: 0.007, Pha: 1.343, Com: 0.034, Time: 0.026, Cons: 0.004, s/b: 1.463
Steps : 14800, Gen: 0.430, Disc: 0.000, Metric: 0.017, Mag: 0.006, Pha: 1.379, Com: 0.027, Time: 0.021, Cons: 0.004, s/b: 1.468
Steps : 14810, Gen: 0.338, Disc: 0.000, Metric: 0.007, Mag: 0.005, Pha: 1.078, Com: 0.021, Time: 0.024, Cons: 0.004, s/b: 1.467
Steps : 14820, Gen: 0.403, Disc: 0.003, Metric: 0.005, Mag: 0.006, Pha: 1.290, Com: 0.027, Time: 0.024, Cons: 0.004, s/b: 1.471
Time taken for epoch 14 is 1567 sec

